index2,index,#Pdb_origin,#Pdb,Partner1,Partner2,Mutation(s)_cleaned,ddG,Label
0,-,1A22,0_1A22,A,B,"EB79A,KB80A",-0.344760574,reverse
1,-,1A22,1_1A22,A,B,"KB2A,KB5A",0.240218608,reverse
2,-,1A22,2_1A22,A,B,"DB78A,EB79A,KB80A",0.209829794,reverse
3,-,1A22,3_1A22,A,B,"DB107A,RB111A,EB113A",0.31437176,reverse
4,-,1A22,4_1A22,A,B,"RB116A,DB119A,KB122A",-0.062421047,reverse
5,-,1A22,5_1A22,A,B,"FA25A,YA42A,QA46A",0.190522856,reverse
6,-,1A22,6_1A22,A,B,"YA42A,QA46A",0.273325096,reverse
7,-,1A22,7_1A22,A,B,"NA109D,VA110D,DA112H",0.346296088,reverse
8,-,1A22,8_1A22,A,B,"RA127D,LA128V,EA129H",0.316418228,reverse
9,1498,1A22,9_1A22,A,B,"SB57A,SB61A",-0.569589953,forward
10,1499,1A22,10_1A22,A,B,"EB79A,KB80A",-0.344760574,forward
11,1500,1A22,11_1A22,A,B,"QB121A,KB122A,VB126A",-0.872229607,forward
12,1501,1A22,12_1A22,A,B,"RB172A,NB173A",0.902597921,forward
13,1502,1A22,13_1A22,A,B,"QB171A,RB172A,NB173A",1.103566949,forward
14,1506,1A22,14_1A22,A,B,"KB2A,KB5A",0.240218608,forward
15,1507,1A22,15_1A22,A,B,"RB29A,RB30A,EB34A",0.953514684,forward
16,1508,1A22,16_1A22,A,B,"DB78A,EB79A,KB80A",0.209829794,forward
17,1509,1A22,17_1A22,A,B,"DB107A,RB111A,EB113A",0.31437176,forward
18,1510,1A22,18_1A22,A,B,"RB116A,DB119A,KB122A",-0.062421047,forward
19,1568,1A22,19_1A22,A,B,"FA25A,YA42A,QA46A",0.190522856,forward
20,1570,1A22,20_1A22,A,B,"YA42A,QA46A",0.273325096,forward
21,1657,1A22,21_1A22,A,B,"NA12H,FA25L",0.838486568,forward
22,1664,1A22,22_1A22,A,B,"EA56D,RA64M",2.00331403,forward
23,1669,1A22,23_1A22,A,B,"NA109D,VA110D,DA112H",0.346296088,forward
24,1671,1A22,24_1A22,A,B,"RA127D,LA128V,EA129H",0.316418228,forward
25,1739,1A22,25_1A22,A,B,"KA157A,EA163A",-0.769762781,forward
26,1740,1A22,26_1A22,A,B,"RA64A,DA160A",3.322750537,forward
27,1741,1A22,27_1A22,A,B,"KA161A,FA165A",3.78082842,forward
28,1373,1A4Y,28_1A4Y,A,B,"QA430A,VA432A",0.072213864,forward
29,-,1A4Y,29_1A4Y,A,B,"QA430A,VA432A",0.072213864,reverse
30,1374,1A4Y,30_1A4Y,A,B,"WA438A,SA439A,EA440A",1.785698512,forward
31,1409,1A4Y,31_1A4Y,A,B,"YA434A,DA435A",6.82085553,forward
32,1410,1A4Y,32_1A4Y,A,B,"YA434A,YA437A",6.64533226,forward
33,1411,1A4Y,33_1A4Y,A,B,"RB5A,YA434A",6.979789061,forward
34,1412,1A4Y,34_1A4Y,A,B,"RB5A,DA435A",6.77343407,forward
35,1413,1A4Y,35_1A4Y,A,B,"RB5A,YA434A,DA435A",10.10705559,forward
36,1414,1A4Y,36_1A4Y,A,B,"RB5A,YA434A,YA437A",8.531571706,forward
37,1416,1A4Y,37_1A4Y,A,B,"KB40G,YA434F",6.665417302,forward
38,1417,1A4Y,38_1A4Y,A,B,"KB40G,DA435A",4.107512904,forward
39,1418,1A4Y,39_1A4Y,A,B,"KB40G,YA437A",6.454104523,forward
40,1419,1A4Y,40_1A4Y,A,B,"KB40G,YA434A,DA435A",6.213885916,forward
41,1420,1A4Y,41_1A4Y,A,B,"KB40G,YA434A,YA437A",9.123152092,forward
42,279,1AHW,42_1AHW,AB,C,"TC110A,KC111A",0.639142924,forward
43,280,1AHW,43_1AHW,AB,C,"KC138A,DC139A",1.182001186,forward
44,281,1AHW,44_1AHW,AB,C,"IC141Q,TC143I,YC145T",3.977485202,forward
45,284,1AHW,45_1AHW,AB,C,"KC154A,KC155A",-1.33030749,forward
46,286,1AHW,46_1AHW,AB,C,"KC158A,NC160A,NC162A",4.074826871,forward
47,290,1AHW,47_1AHW,AB,C,"SC184A,RC185A",4.018360166,forward
48,294,1AHW,48_1AHW,AB,C,"RC189A,KC190A",4.018360166,forward
49,-,1AO7,49_1AO7,ABC,DE,"EA63Q,QD30V",-0.006822939,reverse
50,-,1AO7,50_1AO7,ABC,DE,"SD31A,YC5F",-0.040545732,reverse
51,-,1AO7,51_1AO7,ABC,DE,"YD50A,QA155A",0.276135785,reverse
52,4092,1AO7,52_1AO7,ABC,DE,"GD28I,SD94A",0.383095547,reverse
53,3637,1AO7,53_1AO7,ABC,DE,"DD26A,EA58A",0.749596098,forward
54,3641,1AO7,54_1AO7,ABC,DE,"RD27A,RA170A",1.186508178,forward
55,3644,1AO7,55_1AO7,ABC,DE,"QD30L,LC1A",2.762696878,forward
56,3650,1AO7,56_1AO7,ABC,DE,"QD30V,LC1A",0.723711622,forward
57,3653,1AO7,57_1AO7,ABC,DE,"QD30V,YA159A",3.330275955,forward
58,3654,1AO7,58_1AO7,ABC,DE,"EA63Q,QD30V",-0.006822939,forward
59,3655,1AO7,59_1AO7,ABC,DE,"EA63Q,KA66A",1.331636157,forward
60,3656,1AO7,60_1AO7,ABC,DE,"EA63Q,QD30V,KA66A",1.855068023,forward
61,3659,1AO7,61_1AO7,ABC,DE,"SD31A,YC5A",1.709491257,forward
62,3662,1AO7,62_1AO7,ABC,DE,"SD31A,YC5F",-0.040545732,forward
63,3665,1AO7,63_1AO7,ABC,DE,"YD50A,QA155A",0.276135785,forward
64,3671,1AO7,64_1AO7,ABC,DE,"ND52A,EA166A",3.143156209,forward
65,3674,1AO7,65_1AO7,ABC,DE,"KD66A,TA163A",0.978101282,forward
66,3680,1AO7,66_1AO7,ABC,DE,"KD66A,EA166A",3.033763336,forward
67,3683,1AO7,67_1AO7,ABC,DE,"TD91A,YC5A",3.030981866,forward
68,3686,1AO7,68_1AO7,ABC,DE,"TD92A,RA65A",2.423471098,forward
69,3695,1AO7,69_1AO7,ABC,DE,"DD93N,RA65A",3.084350198,forward
70,3701,1AO7,70_1AO7,ABC,DE,"SD94A,YC5A",1.861011822,forward
71,3704,1AO7,71_1AO7,ABC,DE,"WD95A,AA69G",2.905458583,forward
72,3707,1AO7,72_1AO7,ABC,DE,"EE28A,YC8A",3.425438192,forward
73,3716,1AO7,73_1AO7,ABC,DE,"RE92A,YC5A",2.019083303,forward
74,3725,1AO7,74_1AO7,ABC,DE,"RE92A,YC5F",0.60598002,forward
75,3731,1AO7,75_1AO7,ABC,DE,"PE100A,YC5A",2.40604595,forward
76,3740,1AO7,76_1AO7,ABC,DE,"PE100A,QA155A",0.930360861,forward
77,3743,1AO7,77_1AO7,ABC,DE,"DD93A,QA72A",1.060842954,forward
78,3746,1AO7,78_1AO7,ABC,DE,"RE99A,YC5A",1.885943442,forward
79,3765,1AO7,79_1AO7,ABC,DE,"GE97S,GE98A,RE99E",-3.454111423,forward
80,3767,1AO7,80_1AO7,ABC,DE,"AE96M,GE97S,GE98A",-3.549655056,forward
81,4092,1AO7,81_1AO7,ABC,DE,"GD28I,SD94A",-0.383095547,forward
82,4093,1AO7,82_1AO7,ABC,DE,"GD28I,SD94T",-0.899618273,forward
83,4094,1AO7,83_1AO7,ABC,DE,"GD28L,SD94A",-0.508602942,forward
84,4095,1AO7,84_1AO7,ABC,DE,"GD28L,SD94T",-1.028608983,forward
85,4096,1AO7,85_1AO7,ABC,DE,"GD28M,SD94A",-0.804622952,forward
86,4097,1AO7,86_1AO7,ABC,DE,"GD28M,SD94T",-1.747266653,forward
87,4098,1AO7,87_1AO7,ABC,DE,"GD28M,SD51M,SD94T",-2.126458053,forward
88,4099,1AO7,88_1AO7,ABC,DE,"GD28T,SD51M,SD94T",-1.604389714,forward
89,4104,1AO7,89_1AO7,ABC,DE,"GE98A,RE99Q",-1.56351475,forward
90,4105,1AO7,90_1AO7,ABC,DE,"AE96M,GE97S",-1.04484156,forward
91,4126,1AO7,91_1AO7,ABC,DE,"KD97P,AE50P,RE99P",-1.631950589,forward
92,4127,1AO7,92_1AO7,ABC,DE,"KD97P,RE99P",-1.221294167,forward
93,182,1B2S,93_1B2S,A,D,"AA27K,AD43T",-5.72392507,forward
94,179,1B2U,94_1B2U,A,D,"AA27K,AD36D",-9.549197743,forward
95,185,1B3S,95_1B3S,A,D,"AA102H,FD30Y",-5.549701607,forward
96,-,1B41,96_1B41,A,B,"TB8V,TB9I",0.394686399,reverse
97,4216,1B41,97_1B41,A,B,"TB8V,TB9I",0.394686399,forward
98,4217,1B41,98_1B41,A,B,"TB8V,TB9N",2.427799735,forward
99,3619,1BD2,99_1BD2,ABC,DE,"EE28A,YC8A",3.966677102,forward
100,3622,1BD2,100_1BD2,ABC,DE,"ED93A,RA65A",3.115254211,forward
101,3625,1BD2,101_1BD2,ABC,DE,"DD30N,YC5A",1.477001788,forward
102,3628,1BD2,102_1BD2,ABC,DE,"DD30N,YC5F",2.499720617,forward
103,3631,1BD2,103_1BD2,ABC,DE,"YE99A,YC5F",0.894864828,forward
104,3634,1BD2,104_1BD2,ABC,DE,"YE99A,YC5A",2.686991575,forward
105,3823,1BD2,105_1BD2,ABC,DE,"EA63Q,KA66A",1.961497919,forward
106,-,1BJ1,106_1BJ1,HL,VW,"LH72I,TH74K",0.076551747,reverse
107,4873,1BJ1,107_1BJ1,HL,VW,"HH101Y,YH103R,SH105T",-1.17364825,forward
108,4874,1BJ1,108_1BJ1,HL,VW,"HH101Y,SH105T",-1.344086065,forward
109,4876,1BJ1,109_1BJ1,HL,VW,"HH101Y,YH103W,SH105T",-1.04144641,forward
110,4879,1BJ1,110_1BJ1,HL,VW,"TH28D,NH31H",-0.693211035,forward
111,4880,1BJ1,111_1BJ1,HL,VW,"LH72V,TH74V",0.670960071,forward
112,4881,1BJ1,112_1BJ1,HL,VW,"LH72I,TH74K",0.076551747,forward
113,-,1BP3,113_1BP3,A,B,"EA56D,RA64M",0.445516593,reverse
114,-,1BP3,114_1BP3,A,B,"RA64A,DA167A",0.37862419,reverse
115,1677,1BP3,115_1BP3,A,B,"EA56D,RA64M",0.445516593,forward
116,1736,1BP3,116_1BP3,A,B,"KA164A,EA170A",5.4079623,forward
117,1737,1BP3,117_1BP3,A,B,"RA64A,DA167A",0.37862419,forward
118,1738,1BP3,118_1BP3,A,B,"KA168A,FA172A",5.354871399,forward
119,118,1BRS,119_1BRS,A,D,"KA25A,YD29A",8.624588888,forward
120,119,1BRS,120_1BRS,A,D,"KA25A,DD35A",9.549197743,forward
121,120,1BRS,121_1BRS,A,D,"KA25A,WD38F",5.113169807,forward
122,121,1BRS,122_1BRS,A,D,"KA25A,DD39A",8.278043819,forward
123,122,1BRS,123_1BRS,A,D,"KA25A,TD42A",5.72392507,forward
124,123,1BRS,124_1BRS,A,D,"KA25A,ED74A",6.696013437,forward
125,124,1BRS,125_1BRS,A,D,"KA25A,ED78A",5.513151129,forward
126,125,1BRS,126_1BRS,A,D,"RA57A,YD29A",8.12260559,forward
127,126,1BRS,127_1BRS,A,D,"RA57A,DD35A",6.334463974,forward
128,127,1BRS,128_1BRS,A,D,"RA57A,WD38F",6.277997269,forward
129,128,1BRS,129_1BRS,A,D,"RA57A,TD42A",6.82085553,forward
130,129,1BRS,130_1BRS,A,D,"RA57A,ED74A",4.970292868,forward
131,130,1BRS,131_1BRS,A,D,"RA57A,ED78A",5.201466231,forward
132,131,1BRS,132_1BRS,A,D,"RA81Q,YD29A",8.293043405,forward
133,132,1BRS,133_1BRS,A,D,"RA81Q,DD35A",9.605664448,forward
134,133,1BRS,134_1BRS,A,D,"RA81Q,WD38F",6.758434484,forward
135,134,1BRS,135_1BRS,A,D,"RA81Q,DD39A",6.439104938,forward
136,135,1BRS,136_1BRS,A,D,"RA81Q,TD42A",6.107559454,forward
137,136,1BRS,137_1BRS,A,D,"RA81Q,ED74A",6.721075566,forward
138,137,1BRS,138_1BRS,A,D,"RA81Q,ED78A",5.764044836,forward
139,138,1BRS,139_1BRS,A,D,"RA85A,YD29A",8.052824797,forward
140,139,1BRS,140_1BRS,A,D,"RA85A,WD38F",7.040989097,forward
141,140,1BRS,141_1BRS,A,D,"RA85A,DD39A",7.185323483,forward
142,141,1BRS,142_1BRS,A,D,"RA85A,TD42A",7.020199175,forward
143,142,1BRS,143_1BRS,A,D,"RA85A,ED74A",6.866451252,forward
144,143,1BRS,144_1BRS,A,D,"RA85A,ED78A",6.12698585,forward
145,144,1BRS,145_1BRS,A,D,"HA100A,YD29A",6.306903098,forward
146,145,1BRS,146_1BRS,A,D,"HA100A,YD29F",5.549701607,forward
147,146,1BRS,147_1BRS,A,D,"HA100A,WD38F",7.642168375,forward
148,147,1BRS,148_1BRS,A,D,"HA100A,DD39A",8.991339895,forward
149,148,1BRS,149_1BRS,A,D,"HA100A,TD42A",8.135627037,forward
150,149,1BRS,150_1BRS,A,D,"HA100A,ED74A",7.563057436,forward
151,150,1BRS,151_1BRS,A,D,"HA100A,ED78A",6.745120396,forward
152,151,1BRS,152_1BRS,A,D,"RA57A,DD39A",11.36133482,forward
153,153,1BRS,153_1BRS,A,D,"EA71Q,DD39A",7.207326881,forward
154,154,1BRS,154_1BRS,A,D,"EA71Q,ED74A",3.527010823,forward
155,156,1BRS,155_1BRS,A,D,"EA71W,DD39A",6.665239539,forward
156,157,1BRS,156_1BRS,A,D,"EA71W,DD35A",5.712494774,forward
157,158,1BRS,157_1BRS,A,D,"EA71W,ED74A",3.549655056,forward
158,161,1BRS,158_1BRS,A,D,"EA71F,DD39A",7.47173056,forward
159,162,1BRS,159_1BRS,A,D,"EA71F,DD35A",6.410199108,forward
160,166,1BRS,160_1BRS,A,D,"EA71A,DD39A",7.185323483,forward
161,167,1BRS,161_1BRS,A,D,"EA71A,DD35A",6.440232344,forward
162,175,1BRS,162_1BRS,A,D,"HA100Q,RA57K",6.912182407,forward
163,176,1BRS,163_1BRS,A,D,"HA100Q,RA57A",9.308979135,forward
164,6623,1C1Y,164_1C1Y,A,B,"KA31E,EA30D",-2.015046136,forward
165,6634,1C1Y,165_1C1Y,A,B,"RB5A,NB10D",2.752527284,forward
166,6637,1C1Y,166_1C1Y,A,B,"KB30A,RB35G",2.620325444,forward
167,-,1C4Z,167_1C4Z,ABC,D,"SA243P,NA245P",-0.075735135,reverse
168,5737,1C4Z,168_1C4Z,ABC,D,"SA243P,NA245P",-0.075735135,forward
169,-,1CHO,169_1CHO,EFG,I,"AI12D,GI29A,NI30S",-0.030033236,reverse
170,-,1CHO,170_1CHO,EFG,I,"LI15M,NI33D,SI48N",-0.482411587,reverse
171,-,1CHO,171_1CHO,EFG,I,"LI15M,HI49R",0.14070073,reverse
172,-,1CHO,172_1CHO,EFG,I,"LI15M,HI49R,KI52E",-0.440689658,reverse
173,-,1CHO,173_1CHO,EFG,I,"LI15M,SI48N",0.380623186,reverse
174,3028,1CHO,174_1CHO,EFG,I,"TI14K,LI15R",7.472139289,forward
175,3029,1CHO,175_1CHO,EFG,I,"TI14R,LI15R",7.226585089,forward
176,3030,1CHO,176_1CHO,EFG,I,"AI12R,LI15R",4.977166452,forward
177,3031,1CHO,177_1CHO,EFG,I,"AI12R,TI14K,LI15R",7.987397761,forward
178,3032,1CHO,178_1CHO,EFG,I,"AI12R,TI14P,LI15R",8.920000204,forward
179,3179,1CHO,179_1CHO,EFG,I,"EI7D,RI18M,EI40D",2.543462903,forward
180,3196,1CHO,180_1CHO,EFG,I,"LI15M,TI46N,KI52T",0.655363324,forward
181,3197,1CHO,181_1CHO,EFG,I,"NI25S,GI29A",-0.860901965,forward
182,3198,1CHO,182_1CHO,EFG,I,"AI12D,GI29A",-0.865738334,forward
183,3199,1CHO,183_1CHO,EFG,I,"AI12D,GI29A,NI30S",-0.030033236,forward
184,3201,1CHO,184_1CHO,EFG,I,"TI14M,LI15S,GI29V",8.988038351,forward
185,3202,1CHO,185_1CHO,EFG,I,"RI18V,LI20I",2.16718282,forward
186,3203,1CHO,186_1CHO,EFG,I,"LI15S,RI18V,LI20I",7.224715106,forward
187,3207,1CHO,187_1CHO,EFG,I,"LI15M,NI33D,SI48N",-0.482411587,forward
188,3210,1CHO,188_1CHO,EFG,I,"AI12T,LI15M",0.923481448,forward
189,3211,1CHO,189_1CHO,EFG,I,"LI15M,TI27S,GI29D",3.581450118,forward
190,3212,1CHO,190_1CHO,EFG,I,"AI12D,LI15A,YI17D",10.91336885,forward
191,3214,1CHO,191_1CHO,EFG,I,"LI15M,HI49R",0.14070073,forward
192,3215,1CHO,192_1CHO,EFG,I,"LI15M,HI49R,KI52E",-0.440689658,forward
193,3216,1CHO,193_1CHO,EFG,I,"LI15M,SI48N",0.380623186,forward
194,3219,1CHO,194_1CHO,EFG,I,"LI15M,YI17Q",3.51962182,forward
195,3220,1CHO,195_1CHO,EFG,I,"LI15M,GI29D",3.419841856,forward
196,3235,1CHO,196_1CHO,EFG,I,"AI12D,LI15A",4.827918377,forward
197,3236,1CHO,197_1CHO,EFG,I,"TI14P,LI15K,GI29D",9.929820929,forward
198,3237,1CHO,198_1CHO,EFG,I,"TI14P,LI15K",8.36606915,forward
199,3246,1CHO,199_1CHO,EFG,I,"AI12V,TI14S",3.610101731,forward
200,4805,1CHO,200_1CHO,EFG,I,"KI10T,PI11E,AI12Y",-0.942229543,forward
201,4807,1CHO,201_1CHO,EFG,I,"KI10S,PI11D,AI12Y",-1.033277027,forward
202,-,1CZ8,202_1CZ8,HL,VW,"LL4M,DH28T,HH31N",0.451531386,reverse
203,4890,1CZ8,203_1CZ8,HL,VW,"LL4M,DH28T,HH31N",0.451531386,forward
204,4895,1CZ8,204_1CZ8,HL,VW,"LL4M,YH101H,TH105S",1.102406416,forward
205,4898,1CZ8,205_1CZ8,HL,VW,"LL4M,YH54W",0.591580386,forward
206,-,1DAN,206_1DAN,HL,UT,"CT44S,CT52S",-0.325876043,reverse
207,-,1DAN,207_1DAN,HL,UT,"KU107A,DU110A",0.042667558,reverse
208,-,1DAN,208_1DAN,HL,UT,"NU105A,RU106A",0.399981323,reverse
209,-,1DAN,209_1DAN,HL,UT,"TU103A,VU104A",-0.149029144,reverse
210,-,1DAN,210_1DAN,HL,UT,"EU89A,NU90A",-0.093575273,reverse
211,-,1DAN,211_1DAN,HL,UT,"NU79A,EU80A",-0.024545846,reverse
212,-,1DAN,212_1DAN,HL,UT,"KU71A,KU72A",-0.239737916,reverse
213,-,1DAN,213_1DAN,HL,UT,"KU59A,DU60A",-0.101512548,reverse
214,-,1DAN,214_1DAN,HL,UT,"RU46A,NU47A,NU48A",0.206581248,reverse
215,-,1DAN,215_1DAN,HL,UT,"EU40A,RU41F",-0.021546083,reverse
216,-,1DAN,216_1DAN,HL,UT,"QU24A,EU27A",0.03364985,reverse
217,-,1DAN,217_1DAN,HL,UT,"NU17A,QU20A",0.414491076,reverse
218,-,1DAN,218_1DAN,HL,UT,"LU14A,EU15A",-0.462906369,reverse
219,-,1DAN,219_1DAN,HL,UT,"KT63A,QT64A",-0.206114598,reverse
220,-,1DAN,220_1DAN,HL,UT,"DT56A,ET57A",0.304560084,reverse
221,-,1DAN,221_1DAN,HL,UT,"DT49A,ET51A",0.433300656,reverse
222,2043,1DAN,222_1DAN,HL,UT,"WT40R,ST42G",1.481607023,forward
223,2057,1DAN,223_1DAN,HL,UT,"CT44S,CT52S",-0.325876043,forward
224,2059,1DAN,224_1DAN,HL,UT,"TT55A,FU50A",4.325087278,forward
225,2060,1DAN,225_1DAN,HL,UT,"TT55A,KT15A",3.054656298,forward
226,2062,1DAN,226_1DAN,HL,UT,"DT39A,WT40A",1.507210784,forward
227,2063,1DAN,227_1DAN,HL,UT,"DT39A,FU50A",3.173305157,forward
228,2064,1DAN,228_1DAN,HL,UT,"DT39A,KT15A",3.996228656,forward
229,2065,1DAN,229_1DAN,HL,UT,"DT39A,DT53A",3.857964151,forward
230,2066,1DAN,230_1DAN,HL,UT,"DT39A,TT55A",4.159248079,forward
231,2067,1DAN,231_1DAN,HL,UT,"DT39A,KT15A,FU50A",5.735139007,forward
232,3058,1DAN,232_1DAN,HL,UT,"KU107A,DU110A",0.042667558,forward
233,3059,1DAN,233_1DAN,HL,UT,"NU105A,RU106A",0.399981323,forward
234,3060,1DAN,234_1DAN,HL,UT,"TU103A,VU104A",-0.149029144,forward
235,3062,1DAN,235_1DAN,HL,UT,"SU101A,RU102A",0.638565579,forward
236,3064,1DAN,236_1DAN,HL,UT,"EU89A,NU90A",-0.093575273,forward
237,3067,1DAN,237_1DAN,HL,UT,"NU79A,EU80A",-0.024545846,forward
238,3071,1DAN,238_1DAN,HL,UT,"KU71A,KU72A",-0.239737916,forward
239,3077,1DAN,239_1DAN,HL,UT,"KU59A,DU60A",-0.101512548,forward
240,3082,1DAN,240_1DAN,HL,UT,"RU46A,NU47A,NU48A",0.206581248,forward
241,3085,1DAN,241_1DAN,HL,UT,"EU40A,RU41F",-0.021546083,forward
242,3089,1DAN,242_1DAN,HL,UT,"QU24A,EU27A",0.03364985,forward
243,3090,1DAN,243_1DAN,HL,UT,"NU17A,QU20A",0.414491076,forward
244,3091,1DAN,244_1DAN,HL,UT,"LU14A,EU15A",-0.462906369,forward
245,3095,1DAN,245_1DAN,HL,UT,"KT63A,QT64A",-0.206114598,forward
246,3096,1DAN,246_1DAN,HL,UT,"KT60A,DT61A",-0.504231696,forward
247,3097,1DAN,247_1DAN,HL,UT,"DT56A,ET57A",0.304560084,forward
248,3100,1DAN,248_1DAN,HL,UT,"DT49A,ET51A",0.433300656,forward
249,3106,1DAN,249_1DAN,HL,UT,"KT41A,KT43A",1.135854305,forward
250,3111,1DAN,250_1DAN,HL,UT,"KT36A,DT39A",1.571430605,forward
251,1209,1DQJ,251_1DQJ,AB,C,"NA32A,KC96A",5.804446028,forward
252,1210,1DQJ,252_1DQJ,AB,C,"SA91A,RC21A",3.17215145,forward
253,1211,1DQJ,253_1DQJ,AB,C,"SA91A,YC20A",3.574691964,forward
254,1212,1DQJ,254_1DQJ,AB,C,"YA96A,RC21A",3.486760238,forward
255,1213,1DQJ,255_1DQJ,AB,C,"YA96A,SC100A",0.913856255,forward
256,1214,1DQJ,256_1DQJ,AB,C,"DB32A,KC97A",1.122885978,forward
257,1215,1DQJ,257_1DQJ,AB,C,"YB53A,WC62A",1.286884034,forward
258,1216,1DQJ,258_1DQJ,AB,C,"YB53A,WC63A",2.200217086,forward
259,1217,1DQJ,259_1DQJ,AB,C,"YB53A,LC75A",1.217406673,forward
260,1218,1DQJ,260_1DQJ,AB,C,"YB53A,DC101A",2.728342212,forward
261,1219,1DQJ,261_1DQJ,AB,C,"WB98A,SC100A",5.364646748,forward
262,1220,1DQJ,262_1DQJ,AB,C,"WB98A,KC97A",6.663068417,forward
263,1221,1DQJ,263_1DQJ,AB,C,"WB98A,YC20A",5.114386341,forward
264,334,1DVF,264_1DVF,AB,CD,"EB98A,YD102A",4.63537158,forward
265,335,1DVF,265_1DVF,AB,CD,"DB54A,YC49A",4.494883564,forward
266,336,1DVF,266_1DVF,AB,CD,"DB58A,QD104A",1.464828127,forward
267,337,1DVF,267_1DVF,AB,CD,"YA49A,ND55A",2.031278712,forward
268,338,1DVF,268_1DVF,AB,CD,"YA32A,RD106A",4.652670677,forward
269,339,1DVF,269_1DVF,AB,CD,"NB56A,QD104A",1.487530215,forward
270,340,1DVF,270_1DVF,AB,CD,"WB52A,QD104A",4.164727183,forward
271,341,1DVF,271_1DVF,AB,CD,"DB100A,HD33A",4.149976579,forward
272,342,1DVF,272_1DVF,AB,CD,"DB100A,DD52A",4.321657735,forward
273,343,1DVF,273_1DVF,AB,CD,"YA49A,HD33A",2.626220537,forward
274,344,1DVF,274_1DVF,AB,CD,"DB100A,ND55A",4.092513318,forward
275,345,1DVF,275_1DVF,AB,CD,"NB56A,ND55A",2.302123305,forward
276,346,1DVF,276_1DVF,AB,CD,"NB56A,HD33A",2.527130499,forward
277,-,1E50,277_1E50,A,B,"DA52A,EA53A",0.391040835,reverse
278,5659,1E50,278_1E50,A,B,"DA52A,EA53A",0.391040835,forward
279,384,1EFN,279_1EFN,A,B,"TA13H,EA14H",0.983903498,forward
280,492,1EMV,280_1EMV,A,B,"FB86A,LA31A",6.679957832,forward
281,493,1EMV,281_1EMV,A,B,"FB86A,VA32A",4.665833083,forward
282,494,1EMV,282_1EMV,A,B,"FB86A,VA35A",4.068403964,forward
283,495,1EMV,283_1EMV,A,B,"FB86A,YA52A",8.723507154,forward
284,496,1EMV,284_1EMV,A,B,"FB86A,YA53A",8.263228209,forward
285,1901,1FCC,285_1FCC,A,C,"TC44A,YC45A",1.954450829,forward
286,-,1FSS,286_1FSS,A,B,"TB8V,TB9I",0.441845306,reverse
287,-,1FSS,287_1FSS,A,B,"TB8V,TB9N",0.286407078,reverse
288,4191,1FSS,288_1FSS,A,B,"TB8V,TB9I",0.441845306,forward
289,4192,1FSS,289_1FSS,A,B,"TB8V,TB9N",0.286407078,forward
290,-,1GC1,290_1GC1,G,C,"QC40D,DC63A",-0.499246795,reverse
291,1967,1GC1,291_1GC1,G,C,"QC40A,DC63A",-0.499246795,forward
292,1968,1GC1,292_1GC1,G,C,"QC40A,DC63A,QC89L",-0.848247118,forward
293,1053,1GL0,293_1GL0,E,I,"MI28K,LI27R",3.837295125,forward
294,-,1GL1,294_1GL1,A,I,"KI30M,AI31G",-0.13220184,reverse
295,1051,1GL1,295_1GL1,A,I,"KI30M,AI31G",-0.13220184,forward
296,6621,1GUA,296_1GUA,A,B,"DA30E,EA31K",2.015046136,forward
297,6562,1GUA,297_1GUA,A,B,"RB4A,EA37A",1.300814644,forward
298,6563,1GUA,298_1GUA,A,B,"VB14A,EA37A",1.700674376,forward
299,-,1HE8,299_1HE8,A,B,"KA80V,EA124K",-0.098971524,reverse
300,-,1HE8,300_1HE8,A,B,"KA80V,EA606A",0.454561837,reverse
301,-,1HE8,301_1HE8,A,B,"KA80V,EA606K",-0.458077883,reverse
302,1028,1HE8,302_1HE8,A,B,"KA80V,FA78S",2.162247561,forward
303,1029,1HE8,303_1HE8,A,B,"KA80V,RA83A",1.897843882,forward
304,1030,1HE8,304_1HE8,A,B,"KA80V,TA89D",2.162247561,forward
305,1031,1HE8,305_1HE8,A,B,"KA80V,KA91A",1.523104637,forward
306,1032,1HE8,306_1HE8,A,B,"KA80V,KA108A",2.162247561,forward
307,1033,1HE8,307_1HE8,A,B,"KA80V,KA108E",2.162247561,forward
308,1034,1HE8,308_1HE8,A,B,"KA80V,DA95A",1.038295063,forward
309,1035,1HE8,309_1HE8,A,B,"KA80V,KA111A",1.967624675,forward
310,1036,1HE8,310_1HE8,A,B,"KA80V,KA112A",2.162247561,forward
311,1037,1HE8,311_1HE8,A,B,"KA80V,KA113A",1.675856004,forward
312,1038,1HE8,312_1HE8,A,B,"KA80V,DA117A",0.944329198,forward
313,1039,1HE8,313_1HE8,A,B,"KA80V,EA124K",-0.098971524,forward
314,1040,1HE8,314_1HE8,A,B,"KA80V,EA606A",0.454561837,forward
315,1041,1HE8,315_1HE8,A,B,"KA80V,EA606K",-0.458077883,forward
316,-,1JRH,316_1JRH,LH,I,"TI9L,EI11K",-0.025577439,reverse
317,-,1JRH,317_1JRH,LH,I,"MI15L,II18V",-0.213701701,reverse
318,-,1JRH,318_1JRH,LH,I,"AI49S,II51T,HI55D",0.070707223,reverse
319,-,1JRH,319_1JRH,LH,I,"VI73A,RI78K",-0.213701701,reverse
320,-,1JRH,320_1JRH,LH,I,"AI85D,KI88R,EI90K",-0.047769246,reverse
321,1970,1JRH,321_1JRH,LH,I,"TI9L,EI11K",-0.025577439,forward
322,1971,1JRH,322_1JRH,LH,I,"MI15L,II18V",-0.213701701,forward
323,1974,1JRH,323_1JRH,LH,I,"AI49S,II51T,HI55D",0.070707223,forward
324,1976,1JRH,324_1JRH,LH,I,"VI73A,RI78K",-0.213701701,forward
325,1977,1JRH,325_1JRH,LH,I,"AI85D,KI88R,EI90K",-0.047769246,forward
326,1978,1JRH,326_1JRH,LH,I,"AI93L,VI94M",0.633946679,forward
327,1998,1JRH,327_1JRH,LH,I,"EI45P,II47R",-3.441638288,forward
328,1999,1JRH,328_1JRH,LH,I,"SI44G,EI45G,II47R",-3.379217242,forward
329,2000,1JRH,329_1JRH,LH,I,"EI45P,II47L",-3.45832818,forward
330,2001,1JRH,330_1JRH,LH,I,"SI44G,EI45P,II47K",-3.886158326,forward
331,-,1JTG,331_1JTG,A,B,"RA217A,SA209A,DB49A",0.408048412,reverse
332,-,1JTG,332_1JTG,A,B,"DB49A,SA105A",0.358089274,reverse
333,-,1JTG,333_1JTG,A,B,"MA104A,YB50A",0.358089274,reverse
334,-,1JTG,334_1JTG,A,B,"SB71A,SB113A",0.456068109,reverse
335,-,1JTG,335_1JTG,A,B,"TB140K,QB157K",-0.396605519,reverse
336,847,1JTG,336_1JTG,A,B,"GA212S,DB49A",2.635217301,forward
337,848,1JTG,337_1JTG,A,B,"GA212S,FB142A",3.681856896,forward
338,849,1JTG,338_1JTG,A,B,"EA79K,DB49A",5.640436327,forward
339,850,1JTG,339_1JTG,A,B,"EA79K,FB142A",4.554719803,forward
340,852,1JTG,340_1JTG,A,B,"SA209A,DB49A",1.641105745,forward
341,853,1JTG,341_1JTG,A,B,"SA105A,DB49A",1.384631913,forward
342,854,1JTG,342_1JTG,A,B,"SA209A,SA105A,DB49A",1.094156889,forward
343,855,1JTG,343_1JTG,A,B,"RA217A,DB49A",1.111682344,forward
344,856,1JTG,344_1JTG,A,B,"KA208A,DB49A",1.554021325,forward
345,857,1JTG,345_1JTG,A,B,"RA217A,SA209A,DB49A",0.408048412,forward
346,858,1JTG,346_1JTG,A,B,"RA217A,SA105A,DB49A",1.254938695,forward
347,859,1JTG,347_1JTG,A,B,"SA209A,KA208A,DB49A",1.534825737,forward
348,860,1JTG,348_1JTG,A,B,"KA208A,SA105A,DB49A",1.318193594,forward
349,863,1JTG,349_1JTG,A,B,"RA217A,KA208A,DB49A",1.904421358,forward
350,869,1JTG,350_1JTG,A,B,"SA209A,SA105A",1.152734397,forward
351,872,1JTG,351_1JTG,A,B,"RA217A,SA209A",0.739593896,forward
352,873,1JTG,352_1JTG,A,B,"RA217A,SA105A",1.849694601,forward
353,874,1JTG,353_1JTG,A,B,"SA209A,KA208A",2.093723202,forward
354,875,1JTG,354_1JTG,A,B,"KA208A,SA105A",1.979598628,forward
355,876,1JTG,355_1JTG,A,B,"RA217A,SA209A,SA105A",1.688108955,forward
356,877,1JTG,356_1JTG,A,B,"SA209A,SA105A,KA208A",1.849694601,forward
357,878,1JTG,357_1JTG,A,B,"RA217A,KA208A",2.730074529,forward
358,879,1JTG,358_1JTG,A,B,"RA217A,SA209A,KA208A",2.716956975,forward
359,880,1JTG,359_1JTG,A,B,"KA208A,SA105A,RA217A",2.5094218,forward
360,886,1JTG,360_1JTG,A,B,"KB74A,FB142A",4.852370359,forward
361,887,1JTG,361_1JTG,A,B,"KB74A,YB143A",3.058644354,forward
362,888,1JTG,362_1JTG,A,B,"FB142A,YB143A",2.843151104,forward
363,889,1JTG,363_1JTG,A,B,"KB74A,FB142A,YB143A",3.895401134,forward
364,891,1JTG,364_1JTG,A,B,"KB74A,EA79A",1.576848553,forward
365,892,1JTG,365_1JTG,A,B,"FB142A,EA79A",2.747888793,forward
366,893,1JTG,366_1JTG,A,B,"YB143A,EA79A",1.864555343,forward
367,894,1JTG,367_1JTG,A,B,"KB74A,FB142A,EA79A",3.130239945,forward
368,895,1JTG,368_1JTG,A,B,"KB74A,YB143A,EA79A",1.050668135,forward
369,896,1JTG,369_1JTG,A,B,"FB142A,YB143A,EA79A",2.891280534,forward
370,899,1JTG,370_1JTG,A,B,"KB74A,YA80A",3.32233638,forward
371,900,1JTG,371_1JTG,A,B,"FB142A,YA80A",0.694366288,forward
372,901,1JTG,372_1JTG,A,B,"YB143A,YA80A",1.075443257,forward
373,902,1JTG,373_1JTG,A,B,"KB74A,FB142A,YA80A",4.779135025,forward
374,903,1JTG,374_1JTG,A,B,"KB74A,YB143A,YA80A",3.395147624,forward
375,904,1JTG,375_1JTG,A,B,"FB142A,YB143A,YA80A",2.986904452,forward
376,906,1JTG,376_1JTG,A,B,"EA79A,YA80A",1.027009922,forward
377,907,1JTG,377_1JTG,A,B,"KB74A,EA79A,YA80A",1.386116281,forward
378,908,1JTG,378_1JTG,A,B,"FB142A,EA79A,YA80A",1.505004033,forward
379,909,1JTG,379_1JTG,A,B,"YB143A,EA79A,YA80A",2.054677758,forward
380,915,1JTG,380_1JTG,A,B,"DB49A,RA217A",1.099223786,forward
381,916,1JTG,381_1JTG,A,B,"KB74A,RA217A",6.620268545,forward
382,917,1JTG,382_1JTG,A,B,"FB142A,RA217A",3.395147624,forward
383,918,1JTG,383_1JTG,A,B,"YB143A,RA217A",2.269850172,forward
384,919,1JTG,384_1JTG,A,B,"KB74A,FB142A,RA217A",5.496316046,forward
385,920,1JTG,385_1JTG,A,B,"KB74A,YB143A,RA217A",4.373137489,forward
386,921,1JTG,386_1JTG,A,B,"FB142A,YB143A,RA217A",4.542801363,forward
387,924,1JTG,387_1JTG,A,B,"DB49A,KA208A",1.600651834,forward
388,925,1JTG,388_1JTG,A,B,"KB74A,KA208A",6.548086948,forward
389,926,1JTG,389_1JTG,A,B,"FB142A,KA208A",3.395147624,forward
390,927,1JTG,390_1JTG,A,B,"YB143A,KA208A",2.556661056,forward
391,928,1JTG,391_1JTG,A,B,"KB74A,FB142A,KA208A",5.830841178,forward
392,929,1JTG,392_1JTG,A,B,"KB74A,YB143A,KA208A",4.876004056,forward
393,930,1JTG,393_1JTG,A,B,"FB142A,YB143A,KA208A",4.681932544,forward
394,933,1JTG,394_1JTG,A,B,"DB49A,SA105A",0.358089274,forward
395,934,1JTG,395_1JTG,A,B,"KB74A,SA105A",3.178630256,forward
396,935,1JTG,396_1JTG,A,B,"FB142A,SA105A",2.843151104,forward
397,936,1JTG,397_1JTG,A,B,"YB143A,SA105A",1.791965764,forward
398,937,1JTG,398_1JTG,A,B,"KB74A,FB142A,SA105A",5.161859245,forward
399,938,1JTG,399_1JTG,A,B,"KB74A,YB143A,SA105A",3.72841786,forward
400,939,1JTG,400_1JTG,A,B,"FB142A,YB143A,SA105A",4.158278411,forward
401,964,1JTG,401_1JTG,A,B,"QA74A,HB148A",3.201419681,forward
402,965,1JTG,402_1JTG,A,B,"QA74A,WB150A",3.823668274,forward
403,966,1JTG,403_1JTG,A,B,"QA74A,RB160A",3.750947266,forward
404,967,1JTG,404_1JTG,A,B,"NA75A,HB148A",2.102992138,forward
405,968,1JTG,405_1JTG,A,B,"NA75A,WB150A",4.349467817,forward
406,969,1JTG,406_1JTG,A,B,"NA75A,RB160A",1.576848553,forward
407,970,1JTG,407_1JTG,A,B,"EA143A,WB162A",2.077467182,forward
408,971,1JTG,408_1JTG,A,B,"VA78A,WB162A",4.229416201,forward
409,972,1JTG,409_1JTG,A,B,"MA104A,YB53A",3.609274906,forward
410,973,1JTG,410_1JTG,A,B,"MA104A,YB50A",0.358089274,forward
411,974,1JTG,411_1JTG,A,B,"MA104A,FB36A",3.631322175,forward
412,975,1JTG,412_1JTG,A,B,"PA82A,HB41A",2.652945718,forward
413,976,1JTG,413_1JTG,A,B,"PA82A,YB50A",-0.647160585,forward
414,977,1JTG,414_1JTG,A,B,"PA82A,YB53A",2.388982688,forward
415,978,1JTG,415_1JTG,A,B,"VA190A,YB50A",-0.885530667,forward
416,979,1JTG,416_1JTG,A,B,"EA85A,SB113A,SB71A",5.042290122,forward
417,980,1JTG,417_1JTG,A,B,"EA85A,SB113A",4.565590787,forward
418,981,1JTG,418_1JTG,A,B,"EA85A,SB71A",5.019353633,forward
419,982,1JTG,419_1JTG,A,B,"SB71A,SB113A",0.456068109,forward
420,983,1JTG,420_1JTG,A,B,"EA79A,SB113A",1.864555343,forward
421,984,1JTG,421_1JTG,A,B,"QA74A,WB112A",3.537736616,forward
422,985,1JTG,422_1JTG,A,B,"QA74A,WB162A",2.891280534,forward
423,986,1JTG,423_1JTG,A,B,"QA74A,KB74A",4.109651554,forward
424,987,1JTG,424_1JTG,A,B,"QA74A,FB142A",2.819136547,forward
425,988,1JTG,425_1JTG,A,B,"QA74A,DB49A",2.198383881,forward
426,989,1JTG,426_1JTG,A,B,"NA75A,WB112A",2.795217806,forward
427,990,1JTG,427_1JTG,A,B,"NA75A,WB162A",2.102992138,forward
428,992,1JTG,428_1JTG,A,B,"NA75A,KB74A",3.51183295,forward
429,993,1JTG,429_1JTG,A,B,"NA75A,FB142A",2.293604212,forward
430,994,1JTG,430_1JTG,A,B,"NA75A,DB49A",1.576848553,forward
431,995,1JTG,431_1JTG,A,B,"VA78A,RB160A",4.349467817,forward
432,996,1JTG,432_1JTG,A,B,"VA78A,FB142A",4.516677003,forward
433,997,1JTG,433_1JTG,A,B,"EA143A,WB112A",2.795217806,forward
434,998,1JTG,434_1JTG,A,B,"EA143A,WB150A",4.109651554,forward
435,999,1JTG,435_1JTG,A,B,"EA143A,RB160A",2.318926528,forward
436,1000,1JTG,436_1JTG,A,B,"EA143A,KB74A",4.061928361,forward
437,1001,1JTG,437_1JTG,A,B,"EA143A,FB142A",2.581045238,forward
438,1002,1JTG,438_1JTG,A,B,"EA143A,DB49A",1.505004033,forward
439,1003,1JTG,439_1JTG,A,B,"EA85A,YB50A",3.967103603,forward
440,1004,1JTG,440_1JTG,A,B,"MA104A,SB113A,SB71A",1.672742745,forward
441,1005,1JTG,441_1JTG,A,B,"VA190A,FB142A",2.198383881,forward
442,1006,1JTG,442_1JTG,A,B,"EA79A,SB113A,SB71A",2.581045238,forward
443,1013,1JTG,443_1JTG,A,B,"TB140K,QB157K",-0.396605519,forward
444,1014,1JTG,444_1JTG,A,B,"VB165K,DB163K,NB89K",-2.393420925,forward
445,1015,1JTG,445_1JTG,A,B,"DB163K,DB135K,VB134K",-3.055166938,forward
446,1024,1JTG,446_1JTG,A,B,"EA85G,EA143G",-0.610000066,forward
447,1025,1JTG,447_1JTG,A,B,"EA85V,EA143G",-0.742201906,forward
448,1263,1JTG,448_1JTG,A,B,"EB73M,KB74A",4.294495951,forward
449,1264,1JTG,449_1JTG,A,B,"EB73M,FB142A",2.53268987,forward
450,1265,1JTG,450_1JTG,A,B,"EB73M,KB74A,FB142A",4.556260642,forward
451,1266,1JTG,451_1JTG,A,B,"EA79A,EB73M",1.836322145,forward
452,1267,1JTG,452_1JTG,A,B,"EA79A,EB73M,KB74A",2.095697913,forward
453,1268,1JTG,453_1JTG,A,B,"EA79A,EB73M,FB142A",2.845544466,forward
454,5689,1JTG,454_1JTG,A,B,"EB73A,YB50A",-1.496372946,forward
455,-,1K8R,455_1K8R,A,B,"DA30K,EA31K",0.40966487,reverse
456,6571,1K8R,456_1K8R,A,B,"DA30K,EA31K",0.40966487,forward
457,-,1KBH,457_1KBH,A,B,"YB1172W,LB1131A",0.096284662,reverse
458,-,1KBH,458_1KBH,A,B,"YB1172W,VB1173A",0.410656422,reverse
459,-,1KBH,459_1KBH,A,B,"YB1172W,VA931A",0.392969975,reverse
460,6936,1KBH,460_1KBH,A,B,"YB1172W,IB1126V",0.812535617,forward
461,6937,1KBH,461_1KBH,A,B,"YB1172W,LB1131A",0.096284662,forward
462,6938,1KBH,462_1KBH,A,B,"YB1172W,LB1134A",0.747159692,forward
463,6939,1KBH,463_1KBH,A,B,"YB1172W,LB1138A",0.785395667,forward
464,6940,1KBH,464_1KBH,A,B,"YB1172W,VB1150A",1.38134483,forward
465,6941,1KBH,465_1KBH,A,B,"YB1172W,LB1151A",2.980065103,forward
466,6942,1KBH,466_1KBH,A,B,"YB1172W,LB1160A",2.591768013,forward
467,6943,1KBH,467_1KBH,A,B,"YB1172W,AB1163G",0.695609629,forward
468,6944,1KBH,468_1KBH,A,B,"YB1172W,IB1165V",0.60875411,forward
469,6945,1KBH,469_1KBH,A,B,"YB1172W,VB1173A",0.410656422,forward
470,6946,1KBH,470_1KBH,A,B,"YB1172W,LA902A",1.690716965,forward
471,6947,1KBH,471_1KBH,A,B,"YB1172W,LA903A",1.991344896,forward
472,6948,1KBH,472_1KBH,A,B,"YB1172W,LA909A",1.078705176,forward
473,6949,1KBH,473_1KBH,A,B,"YB1172W,LA910A",2.839256062,forward
474,6950,1KBH,474_1KBH,A,B,"YB1172W,AA915G",0.695609629,forward
475,6951,1KBH,475_1KBH,A,B,"YB1172W,LA918A",2.158752259,forward
476,6952,1KBH,476_1KBH,A,B,"YB1172W,IA921V",1.269932912,forward
477,6953,1KBH,477_1KBH,A,B,"YB1172W,LA925A",2.79423806,forward
478,6954,1KBH,478_1KBH,A,B,"YB1172W,IA927V",1.328253929,forward
479,6955,1KBH,479_1KBH,A,B,"YB1172W,VA931A",0.392969975,forward
480,6957,1KBH,480_1KBH,A,B,"YB1172W,IB1126V,LA903A",2.714235546,forward
481,6958,1KBH,481_1KBH,A,B,"YB1172W,IB1126V,LA902A",2.593958226,forward
482,6959,1KBH,482_1KBH,A,B,"YB1172W,IB1126V,IA921V",2.194133038,forward
483,6960,1KBH,483_1KBH,A,B,"YB1172W,IB1126V,VA931A",1.326399617,forward
484,6961,1KBH,484_1KBH,A,B,"YB1172W,IB1126V,LA909A",2.048909752,forward
485,6962,1KBH,485_1KBH,A,B,"YB1172W,IB1126V,IA927V",2.121123616,forward
486,6963,1KBH,486_1KBH,A,B,"YB1172W,LB1131A,LA902A",1.346484659,forward
487,6964,1KBH,487_1KBH,A,B,"YB1172W,LB1131A,LA903A",1.687696813,forward
488,6965,1KBH,488_1KBH,A,B,"YB1172W,LB1131A,LA909A",1.755343046,forward
489,6966,1KBH,489_1KBH,A,B,"YB1172W,LB1131A,IA921V",1.686686664,forward
490,6967,1KBH,490_1KBH,A,B,"YB1172W,LB1131A,VA931A",0.579349163,forward
491,6968,1KBH,491_1KBH,A,B,"YB1172W,LB1131A,IA927V",1.554737523,forward
492,6969,1KBH,492_1KBH,A,B,"YB1172W,LB1131A,AA915G",0.960444026,forward
493,6970,1KBH,493_1KBH,A,B,"YB1172W,LB1134A,LA909A",2.646236565,forward
494,6971,1KBH,494_1KBH,A,B,"YB1172W,LB1134A,LA902A",2.667854127,forward
495,6972,1KBH,495_1KBH,A,B,"YB1172W,LB1134A,LA903A",2.219347566,forward
496,6973,1KBH,496_1KBH,A,B,"YB1172W,LB1134A,IA921V",2.348248829,forward
497,6974,1KBH,497_1KBH,A,B,"YB1172W,LB1134A,IA927V",2.364570853,forward
498,6975,1KBH,498_1KBH,A,B,"YB1172W,LB1134A,AA915G",2.383581638,forward
499,6976,1KBH,499_1KBH,A,B,"YB1172W,LB1138A,LA909A",2.324615132,forward
500,6977,1KBH,500_1KBH,A,B,"YB1172W,LB1138A,IA921V",2.2963978,forward
501,6978,1KBH,501_1KBH,A,B,"YB1172W,LB1138A,LA902A",2.625875386,forward
502,6979,1KBH,502_1KBH,A,B,"YB1172W,LB1138A,LA903A",2.285459914,forward
503,6980,1KBH,503_1KBH,A,B,"YB1172W,LB1138A,AA915G",2.251379799,forward
504,6981,1KBH,504_1KBH,A,B,"YB1172W,LB1138A,IA927V",2.39286306,forward
505,6982,1KBH,505_1KBH,A,B,"YB1172W,VB1150A,IA927V",2.839256062,forward
506,6983,1KBH,506_1KBH,A,B,"YB1172W,VB1150A,IA921V",3.151925372,forward
507,6984,1KBH,507_1KBH,A,B,"YB1172W,VB1150A,VA931A",1.844608321,forward
508,6985,1KBH,508_1KBH,A,B,"YB1172W,VB1150A,LA909A",2.780037466,forward
509,6986,1KBH,509_1KBH,A,B,"YB1172W,VB1150A,LA902A",3.434626941,forward
510,6987,1KBH,510_1KBH,A,B,"YB1172W,VB1150A,LA903A",3.450287376,forward
511,6988,1KBH,511_1KBH,A,B,"YB1172W,VB1150A,AA915G",2.348248829,forward
512,6989,1KBH,512_1KBH,A,B,"YB1172W,LB1151A,IA921V",3.599751249,forward
513,6990,1KBH,513_1KBH,A,B,"YB1172W,LB1151A,VA931A",2.893089643,forward
514,6991,1KBH,514_1KBH,A,B,"YB1172W,LB1151A,LA902A",3.660568906,forward
515,6992,1KBH,515_1KBH,A,B,"YB1172W,LB1151A,AA915G",3.265598049,forward
516,6993,1KBH,516_1KBH,A,B,"YB1172W,LB1151A,IA927V",3.558304144,forward
517,6994,1KBH,517_1KBH,A,B,"YB1172W,LB1151A,LA909A",3.418541283,forward
518,6995,1KBH,518_1KBH,A,B,"YB1172W,LB1160A,VA931A",3.154477215,forward
519,6996,1KBH,519_1KBH,A,B,"YB1172W,LB1160A,LA909A",3.789873664,forward
520,6997,1KBH,520_1KBH,A,B,"YB1172W,LB1160A,LA902A",4.272886762,forward
521,6998,1KBH,521_1KBH,A,B,"YB1172W,LB1160A,AA915G",4.008402755,forward
522,6999,1KBH,522_1KBH,A,B,"YB1172W,AB1163G,LA902A",2.665921166,forward
523,7000,1KBH,523_1KBH,A,B,"YB1172W,AB1163G,LA903A",2.536616408,forward
524,7001,1KBH,524_1KBH,A,B,"YB1172W,AB1163G,LA909A",2.026550419,forward
525,7002,1KBH,525_1KBH,A,B,"YB1172W,AB1163G,IA921V",2.03783556,forward
526,7003,1KBH,526_1KBH,A,B,"YB1172W,AB1163G,IA927V",2.17226886,forward
527,7004,1KBH,527_1KBH,A,B,"YB1172W,AB1163G,AA915G",1.600894412,forward
528,7005,1KBH,528_1KBH,A,B,"YB1172W,AB1163G,VA931A",1.207511866,forward
529,7006,1KBH,529_1KBH,A,B,"YB1172W,IB1165V,LA909A",1.827320697,forward
530,7007,1KBH,530_1KBH,A,B,"YB1172W,IB1165V,VA931A",1.022520523,forward
531,7008,1KBH,531_1KBH,A,B,"YB1172W,IB1165V,IA921V",1.978511499,forward
532,7009,1KBH,532_1KBH,A,B,"YB1172W,IB1165V,LA902A",2.440048343,forward
533,7010,1KBH,533_1KBH,A,B,"YB1172W,IB1165V,LA903A",2.969721353,forward
534,7011,1KBH,534_1KBH,A,B,"YB1172W,IB1165V,IA927V",2.358095903,forward
535,7012,1KBH,535_1KBH,A,B,"YB1172W,IB1165V,AA915G",1.353622721,forward
536,7013,1KBH,536_1KBH,A,B,"YB1172W,VB1173A,VA931A",0.953514684,forward
537,7014,1KBH,537_1KBH,A,B,"YB1172W,VB1173A,IA927V",1.788606102,forward
538,7015,1KBH,538_1KBH,A,B,"YB1172W,VB1173A,IA921V",1.590283048,forward
539,7016,1KBH,539_1KBH,A,B,"YB1172W,VB1173A,LA909A",1.559768993,forward
540,7017,1KBH,540_1KBH,A,B,"YB1172W,VB1173A,LA903A",2.531780038,forward
541,7018,1KBH,541_1KBH,A,B,"YB1172W,VB1173A,LA902A",2.080941984,forward
542,7019,1KBH,542_1KBH,A,B,"YB1172W,VB1173A,LA910A",3.379217242,forward
543,-,1KNE,543_1KNE,A,P,"AA3F,TP2K",-0.035917177,reverse
544,-,1KNE,544_1KNE,A,P,"AA3F,TP2L",0.392969975,reverse
545,-,1KNE,545_1KNE,A,P,"AA3L,TP2K",-0.158933531,reverse
546,-,1KNE,546_1KNE,A,P,"AA3L,TP2I",0.065895848,reverse
547,-,1KNE,547_1KNE,A,P,"AA3L,TP2F",0.251722891,reverse
548,-,1KNE,548_1KNE,A,P,"AA3L,TP2L",0.251722891,reverse
549,-,1KNE,549_1KNE,A,P,"AA3T,TP2K",-0.31437176,reverse
550,-,1KNE,550_1KNE,A,P,"DA40F,TP2K",-0.206354992,reverse
551,-,1KNE,551_1KNE,A,P,"DA40F,TP2I",0.20430143,reverse
552,-,1KNE,552_1KNE,A,P,"DA40F,TP2F",-0.158933531,reverse
553,-,1KNE,553_1KNE,A,P,"DA40F,TP2L",0.295628306,reverse
554,-,1KNE,554_1KNE,A,P,"DA40K,TP2K",0.33650327,reverse
555,-,1KNE,555_1KNE,A,P,"DA40K,TP2I",0,reverse
556,-,1KNE,556_1KNE,A,P,"DA40K,TP2F",-0.035917177,reverse
557,-,1KNE,557_1KNE,A,P,"DA40K,TP2L",-0.31437176,reverse
558,-,1KNE,558_1KNE,A,P,"DA40T,TP2L",0.251722891,reverse
559,-,1KNE,559_1KNE,A,P,"KA24A,AA3K",-0.257905055,reverse
560,5820,1KNE,560_1KNE,A,P,"AA3F,TP2K",-0.035917177,forward
561,5821,1KNE,561_1KNE,A,P,"AA3F,TP2I",0.589743324,forward
562,5822,1KNE,562_1KNE,A,P,"AA3F,TP2F",0.803626397,forward
563,5823,1KNE,563_1KNE,A,P,"AA3F,TP2L",0.392969975,forward
564,5825,1KNE,564_1KNE,A,P,"AA3K,TP2K",1.599724713,forward
565,5826,1KNE,565_1KNE,A,P,"AA3K,TP2I",1.398034722,forward
566,5827,1KNE,566_1KNE,A,P,"AA3K,TP2F",1.469276556,forward
567,5828,1KNE,567_1KNE,A,P,"AA3K,TP2L",1.834453985,forward
568,5830,1KNE,568_1KNE,A,P,"AA3L,TP2K",-0.158933531,forward
569,5831,1KNE,569_1KNE,A,P,"AA3L,TP2I",0.065895848,forward
570,5832,1KNE,570_1KNE,A,P,"AA3L,TP2F",0.251722891,forward
571,5833,1KNE,571_1KNE,A,P,"AA3L,TP2L",0.251722891,forward
572,5835,1KNE,572_1KNE,A,P,"AA3T,TP2K",-0.31437176,forward
573,5836,1KNE,573_1KNE,A,P,"AA3T,TP2I",0.602484718,forward
574,5837,1KNE,574_1KNE,A,P,"AA3T,TP2F",0.785395667,forward
575,5838,1KNE,575_1KNE,A,P,"AA3T,TP2L",0.563407789,forward
576,5840,1KNE,576_1KNE,A,P,"DA40F,TP2K",-0.206354992,forward
577,5841,1KNE,577_1KNE,A,P,"DA40F,TP2I",0.20430143,forward
578,5842,1KNE,578_1KNE,A,P,"DA40F,TP2F",-0.158933531,forward
579,5843,1KNE,579_1KNE,A,P,"DA40F,TP2L",0.295628306,forward
580,5845,1KNE,580_1KNE,A,P,"DA40I,TP2K",0.589743324,forward
581,5846,1KNE,581_1KNE,A,P,"DA40I,TP2I",0.614957852,forward
582,5847,1KNE,582_1KNE,A,P,"DA40I,TP2F",1.095395068,forward
583,5848,1KNE,583_1KNE,A,P,"DA40I,TP2L",0.576721877,forward
584,5850,1KNE,584_1KNE,A,P,"DA40K,TP2K",0.33650327,forward
585,5851,1KNE,585_1KNE,A,P,"DA40K,TP2I",0,forward
586,5852,1KNE,586_1KNE,A,P,"DA40K,TP2F",-0.035917177,forward
587,5853,1KNE,587_1KNE,A,P,"DA40K,TP2L",-0.31437176,forward
588,5855,1KNE,588_1KNE,A,P,"DA40T,TP2K",0.72707465,forward
589,5856,1KNE,589_1KNE,A,P,"DA40T,TP2I",0.887208692,forward
590,5857,1KNE,590_1KNE,A,P,"DA40T,TP2F",1.240618354,forward
591,5858,1KNE,591_1KNE,A,P,"DA40T,TP2L",0.251722891,forward
592,5860,1KNE,592_1KNE,A,P,"KA24A,AA3K",-0.257905055,forward
593,-,1LFD,593_1LFD,A,B,"MA17K,DA45K",-0.201821662,reverse
594,-,1LFD,594_1LFD,A,B,"MA17K,DA81K",-0.401455085,reverse
595,-,1LFD,595_1LFD,A,B,"NA16A,QB25A",0.30178165,reverse
596,-,1LFD,596_1LFD,A,B,"DA38A,DB33A",0.200322701,reverse
597,-,1LFD,597_1LFD,A,B,"NA16A,SB39A",0,reverse
598,-,1LFD,598_1LFD,A,B,"KA35A,SB39A",-0.099673435,reverse
599,-,1LFD,599_1LFD,A,B,"KA35A,EB63A",0.285753878,reverse
600,734,1LFD,600_1LFD,A,B,"MA17K,DA45K",-0.201821662,forward
601,735,1LFD,601_1LFD,A,B,"MA17K,DA81K",-0.401455085,forward
602,736,1LFD,602_1LFD,A,B,"MA17K,DA38K,DA45K",-1.802241229,forward
603,738,1LFD,603_1LFD,A,B,"DA38K,DA43K,EA44K",-1.202818166,forward
604,739,1LFD,604_1LFD,A,B,"DA45K,DA81K",-0.701395636,forward
605,6508,1LFD,605_1LFD,A,B,"NA16A,QB25A",0.30178165,forward
606,6509,1LFD,606_1LFD,A,B,"KA19A,QB25A",2.501266191,forward
607,6510,1LFD,607_1LFD,A,B,"DA38A,DB33A",0.200322701,forward
608,6511,1LFD,608_1LFD,A,B,"HA40A,DB33A",2.201554297,forward
609,6512,1LFD,609_1LFD,A,B,"NA16A,SB39A",0,forward
610,6513,1LFD,610_1LFD,A,B,"YA18F,SB39A",0.800813749,forward
611,6514,1LFD,611_1LFD,A,B,"KA35A,SB39A",-0.099673435,forward
612,6515,1LFD,612_1LFD,A,B,"HA40A,SB39A",0.501125294,forward
613,6516,1LFD,613_1LFD,A,B,"NA16A,YB40F",2.30116735,forward
614,6517,1LFD,614_1LFD,A,B,"YA18F,YB40F",2.601687317,forward
615,6518,1LFD,615_1LFD,A,B,"SA20A,YB40F",1.799184052,forward
616,6519,1LFD,616_1LFD,A,B,"NA14A,RB41A",1.600662687,forward
617,6520,1LFD,617_1LFD,A,B,"NA16A,RB41A",1.400743567,forward
618,6521,1LFD,618_1LFD,A,B,"YA18F,RB41A",1.799184052,forward
619,6522,1LFD,619_1LFD,A,B,"HA40A,VB29A",1.919624897,forward
620,6523,1LFD,620_1LFD,A,B,"RA7A,EB37A",2.016675991,forward
621,6524,1LFD,621_1LFD,A,B,"NA14A,EB37A",1.919624897,forward
622,6525,1LFD,622_1LFD,A,B,"YA18F,EB37A",1.247075949,forward
623,6526,1LFD,623_1LFD,A,B,"YA18A,EB37A",3.458532158,forward
624,6527,1LFD,624_1LFD,A,B,"SA20A,EB37A",2.20829647,forward
625,6528,1LFD,625_1LFD,A,B,"YA18A,DB38A",4.708082892,forward
626,6529,1LFD,626_1LFD,A,B,"SA20A,DB38A",3.16999917,forward
627,6530,1LFD,627_1LFD,A,B,"KA39A,DB38A",5.862424204,forward
628,6531,1LFD,628_1LFD,A,B,"YA18A,SB39A",3.938493317,forward
629,6534,1LFD,629_1LFD,A,B,"KA35A,EB63A",0.285753878,forward
630,711,1MAH,630_1MAH,A,F,"YA69N,YA121Q",6.132773982,forward
631,712,1MAH,631_1MAH,A,F,"YA121Q,WA276R",8.959454418,forward
632,713,1MAH,632_1MAH,A,F,"YA69N,WA276R",10.73428195,forward
633,714,1MAH,633_1MAH,A,F,"YA69N,YA121Q,WA276R",10.92611024,forward
634,-,1MHP,634_1MHP,HL,A,"TH50V,KH64E",-0.361201065,reverse
635,-,1MHP,635_1MHP,HL,A,"LH60D,KH64Q",0.043008591,reverse
636,-,1MHP,636_1MHP,HL,A,"LH60D,KH64E",-0.141863984,reverse
637,-,1MHP,637_1MHP,HL,A,"NL29Y,SL90I",0.434562627,reverse
638,4906,1MHP,638_1MHP,HL,A,"TH50V,SL27Q,NL51Y",-1.023987998,forward
639,4923,1MHP,639_1MHP,HL,A,"TH50V,KH64E",-0.361201065,forward
640,4924,1MHP,640_1MHP,HL,A,"LH60D,KH64Q",0.043008591,forward
641,4925,1MHP,641_1MHP,HL,A,"LH60D,KH64E",-0.141863984,forward
642,4927,1MHP,642_1MHP,HL,A,"KH64E,SL27Q,NL51Y",-0.953514684,forward
643,4955,1MHP,643_1MHP,HL,A,"SL90R,NL29E",2.728342212,forward
644,4980,1MHP,644_1MHP,HL,A,"WL89Q,FL32Y",0.871409037,forward
645,5000,1MHP,645_1MHP,HL,A,"TH50V,SH35V",2.728342212,forward
646,5001,1MHP,646_1MHP,HL,A,"TH50V,SH35A",2.07676977,forward
647,5002,1MHP,647_1MHP,HL,A,"SH35A,GH102S",1.573389178,forward
648,5003,1MHP,648_1MHP,HL,A,"SH35V,GH102S",1.426313286,forward
649,5004,1MHP,649_1MHP,HL,A,"TH50V,GH102S",1.668203127,forward
650,5008,1MHP,650_1MHP,HL,A,"NL29Y,SL90I",0.434562627,forward
651,5013,1MHP,651_1MHP,HL,A,"TH33E,GH53Q",1.668203127,forward
652,5017,1MHP,652_1MHP,HL,A,"TH50V,SL27Q",-0.694994946,forward
653,5019,1MHP,653_1MHP,HL,A,"KH64E,SL27Q",-0.857230022,forward
654,5149,1MLC,654_1MLC,AB,E,"NA32G,NA92A",-0.686960541,forward
655,5150,1MLC,655_1MLC,AB,E,"SB57V,TB58D",-0.988170878,forward
656,5152,1MLC,656_1MLC,AB,E,"NA92A,SB57V,TB58D",-2.395259887,forward
657,695,1MQ8,657_1MQ8,A,B,"CB32L,CB170F",3.681856896,forward
658,700,1MQ8,658_1MQ8,A,B,"CB32L,KB31C",0.610000066,forward
659,701,1MQ8,659_1MQ8,A,B,"CB170F,TB171C",0.676637871,forward
660,-,1N8Z,660_1N8Z,AB,C,"NA30S,HA91F,YA92W",-0.07190048,reverse
661,5177,1N8Z,661_1N8Z,AB,C,"NA30S,HA91F,YA92W",-0.07190048,forward
662,-,1OHZ,662_1OHZ,A,B,"SB11A,TB12A",0.079703094,reverse
663,-,1OHZ,663_1OHZ,A,B,"SB45A,TB46A",0.079703094,reverse
664,6825,1OHZ,664_1OHZ,A,B,"SB11A,TB12A",0.079703094,forward
665,6826,1OHZ,665_1OHZ,A,B,"SB45A,TB46A",0.079703094,forward
666,6828,1OHZ,666_1OHZ,A,B,"SB11Q,SB45Q",2.18548395,forward
667,6829,1OHZ,667_1OHZ,A,B,"SB11L,TB12L,SB45Q",3.006796795,forward
668,-,1PPF,668_1PPF,E,I,"RI21V,LI23I",-0.29308377,reverse
669,-,1PPF,669_1PPF,E,I,"KI13S,PI14D,AI15Y",-0.124976726,reverse
670,3038,1PPF,670_1PPF,E,I,"AI15R,LI18R",7.327796615,forward
671,3443,1PPF,671_1PPF,E,I,"EI10D,RI21M,EI43D",-0.759614741,forward
672,3455,1PPF,672_1PPF,E,I,"AI15D,GI32A",1.159019063,forward
673,3457,1PPF,673_1PPF,E,I,"RI21V,LI23I",-0.29308377,forward
674,3460,1PPF,674_1PPF,E,I,"LI18M,NI36D,SI51N",-0.858586265,forward
675,3463,1PPF,675_1PPF,E,I,"AI15T,LI18M",-1.492771403,forward
676,3464,1PPF,676_1PPF,E,I,"LI18M,TI30S,GI32D",4.176570754,forward
677,3465,1PPF,677_1PPF,E,I,"LI18I,GI32D",2.523190169,forward
678,3466,1PPF,678_1PPF,E,I,"AI15D,LI18A,YI20D",8.737914555,forward
679,3467,1PPF,679_1PPF,E,I,"LI18M,HI52R",1.481743758,forward
680,3468,1PPF,680_1PPF,E,I,"LI18M,SI51N",1.257597584,forward
681,3470,1PPF,681_1PPF,E,I,"LI18M,YI20Q",5.839607922,forward
682,3471,1PPF,682_1PPF,E,I,"LI18M,GI32D",3.985939796,forward
683,3491,1PPF,683_1PPF,E,I,"AI15V,TI17S",1.765726704,forward
684,4809,1PPF,684_1PPF,E,I,"KI13T,PI14E,AI15Y",-0.75599117,forward
685,4811,1PPF,685_1PPF,E,I,"KI13S,PI14D,AI15Y",-0.124976726,forward
686,-,1R0R,686_1R0R,E,I,"EI5D,RI16M,EI38D",0.410656422,reverse
687,-,1R0R,687_1R0R,E,I,"RI16V,LI18I",-0.01634454,reverse
688,-,1R0R,688_1R0R,E,I,"LI13M,NI31D,SI46N",-0.307360412,reverse
689,-,1R0R,689_1R0R,E,I,"AI10T,LI13M",0.258734239,reverse
690,-,1R0R,690_1R0R,E,I,"LI13M,HI47R",-0.317604794,reverse
691,-,1R0R,691_1R0R,E,I,"LI13M,SI46N",-0.497299859,reverse
692,-,1R0R,692_1R0R,E,I,"AI10V,TI12S",0.094771374,reverse
693,3039,1R0R,693_1R0R,E,I,"TI12K,LI13R",5.259514918,forward
694,3040,1R0R,694_1R0R,E,I,"TI12R,LI13R",6.50648377,forward
695,3041,1R0R,695_1R0R,E,I,"AI10R,LI13R",7.752178407,forward
696,3042,1R0R,696_1R0R,E,I,"AI10R,TI12K,LI13R",9.314399594,forward
697,3270,1R0R,697_1R0R,E,I,"EI5D,RI16M,EI38D",0.410656422,forward
698,3286,1R0R,698_1R0R,E,I,"LI13M,TI44N,KI50T",-0.838486568,forward
699,3287,1R0R,699_1R0R,E,I,"NI23S,GI27A",1.253731218,forward
700,3288,1R0R,700_1R0R,E,I,"AI10D,GI27A",5.903495052,forward
701,3289,1R0R,701_1R0R,E,I,"AI10D,GI27A,NI28S",5.834188031,forward
702,3291,1R0R,702_1R0R,E,I,"TI12M,LI13S,GI27V",3.013808143,forward
703,3292,1R0R,703_1R0R,E,I,"RI16V,LI18I",-0.01634454,forward
704,3293,1R0R,704_1R0R,E,I,"LI13S,RI16V,LI18I",1.889855644,forward
705,3297,1R0R,705_1R0R,E,I,"LI13M,NI31D,SI46N",-0.307360412,forward
706,3300,1R0R,706_1R0R,E,I,"AI10T,LI13M",0.258734239,forward
707,3301,1R0R,707_1R0R,E,I,"LI13M,TI25S,GI27D",2.145903022,forward
708,3302,1R0R,708_1R0R,E,I,"LI13I,GI27D",5.303458716,forward
709,3303,1R0R,709_1R0R,E,I,"AI10D,LI13A,YI15D",8.944813377,forward
710,3305,1R0R,710_1R0R,E,I,"LI13M,HI47R",-0.317604794,forward
711,3306,1R0R,711_1R0R,E,I,"LI13M,HI47R,KI50E",-0.917360478,forward
712,3307,1R0R,712_1R0R,E,I,"LI13M,SI46N",-0.497299859,forward
713,3309,1R0R,713_1R0R,E,I,"LI13M,YI15Q",3.64011767,forward
714,3310,1R0R,714_1R0R,E,I,"LI13M,GI27D",2.393259691,forward
715,3325,1R0R,715_1R0R,E,I,"AI10D,LI13A",5.530481856,forward
716,3334,1R0R,716_1R0R,E,I,"AI10V,TI12S",0.094771374,forward
717,4813,1R0R,717_1R0R,E,I,"KI8T,PI9E,AI10Y",-0.872751868,forward
718,4815,1R0R,718_1R0R,E,I,"KI8S,PI9D,AI10Y",-1.929858714,forward
719,-,1REW,719_1REW,AB,C,"HA28D,HB28D",0.195652343,reverse
720,-,1REW,720_1REW,AB,C,"SA77A,SB77A",0.20326425,reverse
721,-,1REW,721_1REW,AB,C,"LA89A,LB89A",0.239922456,reverse
722,-,1REW,722_1REW,AB,C,"AA23D,AB23D",0,reverse
723,-,1REW,723_1REW,AB,C,"DA42A,DB42A",-0.051953943,reverse
724,-,1REW,724_1REW,AB,C,"EA98R,EB98R",0.268828285,reverse
725,792,1REW,725_1REW,AB,C,"DA19A,DB19A",0.668091049,forward
726,793,1REW,726_1REW,AB,C,"WA20A,WB20A",1.087313191,forward
727,795,1REW,727_1REW,AB,C,"FA38A,FB38A",1.364171106,forward
728,796,1REW,728_1REW,AB,C,"PA39A,PB39A",1.294501332,forward
729,798,1REW,729_1REW,AB,C,"HA28D,HB28D",0.195652343,forward
730,799,1REW,730_1REW,AB,C,"SA77A,SB77A",0.20326425,forward
731,800,1REW,731_1REW,AB,C,"LA89A,LB89A",0.239922456,forward
732,803,1REW,732_1REW,AB,C,"AA23D,AB23D",0,forward
733,804,1REW,733_1REW,AB,C,"DA42A,DB42A",-0.051953943,forward
734,805,1REW,734_1REW,AB,C,"EA98R,EB98R",0.268828285,forward
735,809,1REW,735_1REW,AB,C,"WA17F,WB17F",0.672421113,forward
736,810,1REW,736_1REW,AB,C,"LA40P,LB40P",5.307792693,forward
737,812,1REW,737_1REW,AB,C,"DA42P,DB42P",2.355921765,forward
738,813,1REW,738_1REW,AB,C,"SA58R,SB58R",1.66681076,forward
739,814,1REW,739_1REW,AB,C,"YA92A,YB92A",1.215279375,forward
740,-,1SBB,740_1SBB,A,B,"LB20T,VB26Y,YB91V",0.13220184,reverse
741,225,1SBB,741_1SBB,A,B,"LB20T,VB26Y,YB91V",0.13220184,forward
742,19,1TM1,742_1TM1,E,I,"RI48A,RI46A",5.051923095,forward
743,23,1TM1,743_1TM1,E,I,"TI39A,EI41A",3.390395913,forward
744,24,1TM1,744_1TM1,E,I,"TI39D,EI41A",0.75417104,forward
745,38,1TM1,745_1TM1,E,I,"EI41S,MI40R",3.549655056,forward
746,2132,1VFB,746_1VFB,AB,C,"YA32A,QC121A",1.586751139,forward
747,2133,1VFB,747_1VFB,AB,C,"YA32A,IC124A",2.90701683,forward
748,2134,1VFB,748_1VFB,AB,C,"YA50A,DC18A",1.266490797,forward
749,2135,1VFB,749_1VFB,AB,C,"YA50A,DC119A",1.231969266,forward
750,2136,1VFB,750_1VFB,AB,C,"WA92A,QC121A",3.520512199,forward
751,2137,1VFB,751_1VFB,AB,C,"WA92A,IC124A",3.852057682,forward
752,2138,1VFB,752_1VFB,AB,C,"WA92A,RC125A",3.394808983,forward
753,2139,1VFB,753_1VFB,AB,C,"WA92A,LC129A",3.3088437,forward
754,2140,1VFB,754_1VFB,AB,C,"YB32A,KC116A",1.586751139,forward
755,2141,1VFB,755_1VFB,AB,C,"WB52A,DC119A",2.248378769,forward
756,2142,1VFB,756_1VFB,AB,C,"DB54A,TC118A",1.255205656,forward
757,2143,1VFB,757_1VFB,AB,C,"DB100A,SC24A",3.371264747,forward
758,2144,1VFB,758_1VFB,AB,C,"YB101F,DC119A",2.737746409,forward
759,2145,1VFB,759_1VFB,AB,C,"YB101F,VC120A",2.539614419,forward
760,5873,1WQJ,760_1WQJ,I,B,"RI35A,RI36A",1.028511356,forward
761,30,1Y4A,761_1Y4A,E,I,"SI40E,RI39M",-3.549655056,forward
762,5172,1YY9,762_1YY9,CD,A,"TC31E,NC93A",-0.818899595,forward
763,5173,1YY9,763_1YY9,CD,A,"SC26D,TC31E,NC93A",-1.333540524,forward
764,1369,1Z7X,764_1Z7X,W,X,"QW430A,VW432A",0.939573994,forward
765,1370,1Z7X,765_1Z7X,W,X,"WW438A,SW439A,EW440A",1.972199616,forward
766,1423,1Z7X,766_1Z7X,W,X,"YW434A,DW435A",7.171210593,forward
767,1424,1Z7X,767_1Z7X,W,X,"YW434A,YW437A",7.240991387,forward
768,663,2ABZ,768_2ABZ,B,E,"AE14C,AE38C",-0.553533361,forward
769,-,2B2X,769_2B2X,HL,A,"VH50T,EH64K,YL52N",0.377270013,reverse
770,-,2B2X,770_2B2X,HL,A,"EH64K,YL52N",0.348686081,reverse
771,-,2B2X,771_2B2X,HL,A,"VH50T,YL52N",0.186451005,reverse
772,5025,2B2X,772_2B2X,HL,A,"EH64K,QL28S,YL52N",0.780365414,forward
773,5027,2B2X,773_2B2X,HL,A,"VH50T,QL28S,YL52N",0.888382182,forward
774,5031,2B2X,774_2B2X,HL,A,"VH50T,EH64K,YL52N",0.377270013,forward
775,5032,2B2X,775_2B2X,HL,A,"VH50T,EH64K,QL28S",0.940385017,forward
776,5040,2B2X,776_2B2X,HL,A,"QL28S,YL52N",0.682479962,forward
777,5133,2B2X,777_2B2X,HL,A,"EH64K,YL52N",0.348686081,forward
778,5135,2B2X,778_2B2X,HL,A,"VH50T,YL52N",0.186451005,forward
779,-,2C5D,779_2C5D,A,C,"GC6S,GC101R",0.034860171,reverse
780,-,2C5D,780_2C5D,AB,CD,"FA207A,FB207A",0.199343644,reverse
781,-,2C5D,781_2C5D,AB,CD,"QC28R,QD28R",0.091326876,reverse
782,-,2C5D,782_2C5D,AB,CD,"EC30R,ED30R",0.302639654,reverse
783,-,2C5D,783_2C5D,AB,CD,"QC96R,QD96R",0.302639654,reverse
784,-,2C5D,784_2C5D,AB,CD,"LC105E,LD105E",0.240218608,reverse
785,6119,2C5D,785_2C5D,A,C,"GC6S,DC61G",-0.529544174,forward
786,6120,2C5D,786_2C5D,A,C,"GC6S,VC66A",-0.846995899,forward
787,6121,2C5D,787_2C5D,A,C,"GC6S,GC101R",0.034860171,forward
788,6122,2C5D,788_2C5D,A,C,"DC61G,GC101R",-0.561088992,forward
789,6123,2C5D,789_2C5D,A,C,"VC66A,GC101R",-0.656285588,forward
790,6124,2C5D,790_2C5D,A,C,"DC61G,VC66A",-1.040370203,forward
791,6125,2C5D,791_2C5D,A,C,"DC61G,VC66A,GC101R",-0.869932389,forward
792,6126,2C5D,792_2C5D,A,C,"GC6S,VC66A,GC101R",-0.796697055,forward
793,6127,2C5D,793_2C5D,A,C,"GC6S,DC61G,GC101R",-0.551903506,forward
794,6128,2C5D,794_2C5D,A,C,"GC6S,DC61G,VC66R",-1.235570809,forward
795,6130,2C5D,795_2C5D,A,C,"EC33R,TC51R",6.113513796,forward
796,6146,2C5D,796_2C5D,AB,CD,"TA26D,TB26D",0.725028182,forward
797,6147,2C5D,797_2C5D,AB,CD,"RA32E,RB32E",1.712406482,forward
798,6148,2C5D,798_2C5D,AB,CD,"KA34E,KB34E",1.948220222,forward
799,6150,2C5D,799_2C5D,AB,CD,"AA126V,AB126V",0.758891798,forward
800,6151,2C5D,800_2C5D,AB,CD,"FA207A,FB207A",0.199343644,forward
801,6152,2C5D,801_2C5D,AB,CD,"QC28R,QD28R",0.091326876,forward
802,6153,2C5D,802_2C5D,AB,CD,"EC30R,ED30R",0.302639654,forward
803,6154,2C5D,803_2C5D,AB,CD,"EC33R,ED33R",1.654841626,forward
804,6156,2C5D,804_2C5D,AB,CD,"TC51R,TD51R",2.339020245,forward
805,6157,2C5D,805_2C5D,AB,CD,"QC96R,QD96R",0.302639654,forward
806,6158,2C5D,806_2C5D,AB,CD,"LC105E,LD105E",0.240218608,forward
807,6159,2C5D,807_2C5D,AB,CD,"KC178E,KD178E",0.742201906,forward
808,6160,2C5D,808_2C5D,AB,CD,"TC182E,TD182E",0.742201906,forward
809,6162,2C5D,809_2C5D,AB,CD,"FA209A,FB209A",1.061531452,forward
810,6163,2C5D,810_2C5D,AB,CD,"WA238F,WB238F",0.982420513,forward
811,6164,2C5D,811_2C5D,AB,CD,"LA324A,LB324A",2.034472531,forward
812,6165,2C5D,812_2C5D,AB,CD,"YA364A,YB364A",0.982420513,forward
813,-,2CCL,813_2CCL,A,B,"AB48S,AB49T",-0.079703094,reverse
814,6830,2CCL,814_2CCL,A,B,"AB48S,AB49T",-0.079703094,forward
815,-,2DVW,815_2DVW,A,B,"EB21A,EB22A",0.038346004,reverse
816,-,2DVW,816_2DVW,A,B,"DA37A,DA69A",0.191622229,reverse
817,5792,2DVW,817_2DVW,A,B,"RB3A,RB7A",2.153378354,forward
818,5793,2DVW,818_2DVW,A,B,"RB3A,RB4A,RB7A",2.790146718,forward
819,5794,2DVW,819_2DVW,A,B,"EB21A,EB22A",0.038346004,forward
820,5799,2DVW,820_2DVW,A,B,"DA37A,DA69A",0.191622229,forward
821,5800,2DVW,821_2DVW,A,B,"RA39A,KA114A",2.362596426,forward
822,-,2G2U,822_2G2U,A,B,"WB112A,YB143A",-0.409608761,reverse
823,-,2G2U,823_2G2U,A,B,"EB73M,KB74A",0.473077469,reverse
824,-,2G2U,824_2G2U,A,B,"EB73M,FB142A",0.32206605,reverse
825,1244,2G2U,825_2G2U,A,B,"EB73A,YB50A",-2.452514915,forward
826,1245,2G2U,826_2G2U,A,B,"YB50A,YB143A",-2.075722109,forward
827,1246,2G2U,827_2G2U,A,B,"EB73A,YB143A",-1.835503501,forward
828,1247,2G2U,828_2G2U,A,B,"WB112A,YB143A",-0.409608761,forward
829,1248,2G2U,829_2G2U,A,B,"WB150A,YB143A",0.989123373,forward
830,1249,2G2U,830_2G2U,A,B,"EB73M,FB142W,YB143F",-1.108092416,forward
831,1252,2G2U,831_2G2U,A,B,"EB73M,YB143F",-1.592455026,forward
832,1255,2G2U,832_2G2U,A,B,"EB73M,SB130K",-2.809424706,forward
833,1256,2G2U,833_2G2U,A,B,"EB73M,SB130K,SB146M",-3.509699336,forward
834,1274,2G2U,834_2G2U,A,B,"EB73M,KB74A",0.473077469,forward
835,1275,2G2U,835_2G2U,A,B,"EB73M,FB142A",0.32206605,forward
836,1276,2G2U,836_2G2U,A,B,"EB73M,KB74A,FB142A",1.483058858,forward
837,1277,2G2U,837_2G2U,A,B,"DA79A,EB73M",-2.147247976,forward
838,1278,2G2U,838_2G2U,A,B,"DA79A,EB73M,KB74A",-1.556968253,forward
839,1279,2G2U,839_2G2U,A,B,"DA79A,EB73M,FB142A",-0.691749993,forward
840,626,2J0T,840_2J0T,A,D,"TD2L,VD4S",3.470544118,forward
841,627,2J0T,841_2J0T,A,D,"TD2L,VD4S,SD68A",5.28624661,forward
842,630,2J0T,842_2J0T,A,D,"TD2S,VD4A",1.250199997,forward
843,632,2J0T,843_2J0T,A,D,"TD2S,VD4A,SD68Y",2.147247976,forward
844,633,2J0T,844_2J0T,A,D,"CD1S,FD12Y",4.200530086,forward
845,638,2J0T,845_2J0T,A,D,"VD69A,AD103V",0.701326942,forward
846,-,2KSO,846_2KSO,A,B,"KA10D,DB25K",0.387420033,reverse
847,-,2KSO,847_2KSO,A,B,"KA49D,DB36K",0.176107255,reverse
848,-,2KSO,848_2KSO,A,B,"RA43E,HB20E",0.454561837,reverse
849,7031,2KSO,849_2KSO,A,B,"KA10D,DB25K",0.387420033,forward
850,7032,2KSO,850_2KSO,A,B,"KA10E,EB27K",0.643230382,forward
851,7033,2KSO,851_2KSO,A,B,"KA49D,DB36K",0.176107255,forward
852,7040,2KSO,852_2KSO,A,B,"RA43E,HB20R",-0.821312844,forward
853,7041,2KSO,853_2KSO,A,B,"RA43E,HB20E",0.454561837,forward
854,395,2NOJ,854_2NOJ,A,B,"RB24A,NB31A",0.748676855,forward
855,-,2NY7,855_2NY7,HL,G,"CG27I,CG226Q,MG231A",0.203283296,reverse
856,-,2NY7,856_2NY7,HL,G,"CG27I,CG226Q",0.199808495,reverse
857,-,2NY7,857_2NY7,HL,G,"GG229C,MG231A",-0.378966945,reverse
858,5205,2NY7,858_2NY7,HL,G,"CG27I,CG226Q,MG231A",0.203283296,forward
859,5206,2NY7,859_2NY7,HL,G,"CG27I,CG226Q",0.199808495,forward
860,5209,2NY7,860_2NY7,HL,G,"GG229C,MG231A",-0.378966945,forward
861,-,2NYY,861_2NYY,DC,A,"VD36I,ED5Q",-0.0493996,reverse
862,5270,2NYY,862_2NYY,DC,A,"VD36I,ED5Q",-0.0493996,forward
863,-,2NZ9,863_2NZ9,DC,A,"SD29K,DD30Y,HD31D",-0.049968081,reverse
864,5272,2NZ9,864_2NZ9,DC,A,"SD29K,DD30Y,HD31D",-0.049968081,forward
865,616,2O3B,865_2O3B,A,B,"QB74A,WB76A",5.755609634,forward
866,-,2OOB,866_2OOB,A,B,"AA6S,KA7E",0.161160797,reverse
867,-,2OOB,867_2OOB,A,B,"IA27E,IA38E",0.284283391,reverse
868,603,2OOB,868_2OOB,A,B,"AA6S,KA7E",0.161160797,forward
869,606,2OOB,869_2OOB,A,B,"AA9E,GA13S",3.103360323,forward
870,608,2OOB,870_2OOB,A,B,"IA27E,IA38E",0.284283391,forward
871,-,2PCC,871_2PCC,A,B,"KB92A,DA34A",0.203012089,reverse
872,-,2PCC,872_2PCC,A,B,"AB86G,DA34A",-0.097801826,reverse
873,544,2PCC,873_2PCC,A,B,"KB92A,DA34A",0.203012089,forward
874,545,2PCC,874_2PCC,A,B,"KB92A,VA197A",1.501502432,forward
875,547,2PCC,875_2PCC,A,B,"KB77A,VA197A",2.800978201,forward
876,548,2PCC,876_2PCC,A,B,"KB77A,EA290A",1.102177404,forward
877,550,2PCC,877_2PCC,A,B,"AB86G,DA34A",-0.097801826,forward
878,551,2PCC,878_2PCC,A,B,"AB86G,VA197A",2.10268171,forward
879,-,2VN5,879_2VN5,A,B,"SB42A,TB43F",0.255810349,reverse
880,-,2VN5,880_2VN5,A,B,"SB42A,TB43F,TA35A",0.303823375,reverse
881,-,2VN5,881_2VN5,A,B,"SB42A,TB43F,SA66A",-0.087979125,reverse
882,-,2VN5,882_2VN5,A,B,"SB42A,TB43F,SA75A",0,reverse
883,4831,2VN5,883_2VN5,A,B,"SB42A,TB43F",0.255810349,forward
884,4832,2VN5,884_2VN5,A,B,"SB42A,TB43F,TA35A",0.303823375,forward
885,4833,2VN5,885_2VN5,A,B,"SB42A,TB43F,NA37A",1.186580867,forward
886,4834,2VN5,886_2VN5,A,B,"SB42A,TB43F,YA39A",1.25591731,forward
887,4835,2VN5,887_2VN5,A,B,"SB42A,TB43F,SA66A",-0.087979125,forward
888,4836,2VN5,888_2VN5,A,B,"SB42A,TB43F,SA75A",0,forward
889,4837,2VN5,889_2VN5,A,B,"SB42A,TB43F,LA77A",3.15073074,forward
890,4838,2VN5,890_2VN5,A,B,"SB42A,TB43F,LA79A",2.846151798,forward
891,4839,2VN5,891_2VN5,A,B,"SB42A,TB43F,NA81A",0.592826342,forward
892,4840,2VN5,892_2VN5,A,B,"SB42A,TB43F,IA83A",0.919372202,forward
893,4841,2VN5,893_2VN5,A,B,"SB42A,TB43F,MA125G",1.546341026,forward
894,4842,2VN5,894_2VN5,A,B,"SB42A,TB43F,KA127G",0.506200056,forward
895,4852,2VN5,895_2VN5,A,B,"AB14S,LB15T",1.276191982,forward
896,4853,2VN5,896_2VN5,A,B,"SB42Q,TB43Q",0.93912243,forward
897,-,2WPT,897_2WPT,A,B,"FB79A,DA30A",-0.13220184,reverse
898,-,2WPT,898_2WPT,A,B,"DA30A,FB79A",-0.164685808,reverse
899,-,2WPT,899_2WPT,A,B,"SB77A,NA31A",-0.437254743,reverse
900,415,2WPT,900_2WPT,A,B,"NA31V,RA35T",-2.588293212,forward
901,416,2WPT,901_2WPT,A,B,"DA30L,NA31V,RA35T",-6.336045956,forward
902,417,2WPT,902_2WPT,A,B,"NA31V,RA35T,RA39E",-3.232964499,forward
903,431,2WPT,903_2WPT,A,B,"FB79A,DA30A",-0.13220184,forward
904,432,2WPT,904_2WPT,A,B,"FB79A,NA31A",1.352201972,forward
905,433,2WPT,905_2WPT,A,B,"FB79A,VA34A",3.112752858,forward
906,7054,2WPT,906_2WPT,A,B,"DA30A,FB79A",-0.164685808,forward
907,7057,2WPT,907_2WPT,A,B,"SB77A,NA31A",-0.437254743,forward
908,4307,3AAA,908_3AAA,AB,C,"KA248A,RA258A",4.797284759,forward
909,398,3BP8,909_3BP8,A,C,"FA115A,AC51F",-0.774552233,forward
910,3710,3D3V,910_3D3V,ABC,DE,"EE30A,YC8A",3.900926708,forward
911,3713,3D3V,911_3D3V,ABC,DE,"EE30A,YC8F",2.573496139,forward
912,3728,3D3V,912_3D3V,ABC,DE,"LE97A,YC8A",4.390339059,forward
913,6874,3EG5,913_3EG5,A,B,"TB73N,SB74N,HB75N",1.053578957,forward
914,-,3G6D,914_3G6D,LH,A,"KH210T,KH215T",-0.133007349,reverse
915,4263,3G6D,915_3G6D,LH,A,"KH210T,KH215T",-0.133007349,forward
916,-,3HFM,916_3HFM,HL,Y,"DH32N,KY97M",0.302639654,reverse
917,2151,3HFM,917_3HFM,HL,Y,"NL31A,KY96A",7.47173056,forward
918,2157,3HFM,918_3HFM,HL,Y,"YL50A,RY21A",6.369324145,forward
919,2158,3HFM,919_3HFM,HL,Y,"YL50F,RY21A",4.332731926,forward
920,2159,3HFM,920_3HFM,HL,Y,"YL50F,YY20A",6.226447206,forward
921,2160,3HFM,921_3HFM,HL,Y,"YL50A,KY96A",7.733495251,forward
922,2161,3HFM,922_3HFM,HL,Y,"YL50A,KY97A",7.322838829,forward
923,2167,3HFM,923_3HFM,HL,Y,"YH33A,KY97A",7.231511953,forward
924,2172,3HFM,924_3HFM,HL,Y,"WH98F,YY20A",6.231808799,forward
925,2175,3HFM,925_3HFM,HL,Y,"WH98A,KY96A",7.733495251,forward
926,2179,3HFM,926_3HFM,HL,Y,"DH32A,KY97A",4.594496616,forward
927,2180,3HFM,927_3HFM,HL,Y,"DH32N,KY97A",4.893741121,forward
928,2182,3HFM,928_3HFM,HL,Y,"DH32A,KY97M",1.123952498,forward
929,2183,3HFM,929_3HFM,HL,Y,"DH32N,KY97M",0.302639654,forward
930,2188,3HFM,930_3HFM,HL,Y,"YH50A,RY21A",7.944808029,forward
931,2191,3HFM,931_3HFM,HL,Y,"YL96A,RY21A",5.759324079,forward
932,2192,3HFM,932_3HFM,HL,Y,"YL96F,RY21A",4.183840194,forward
933,-,3IDX,933_3IDX,HL,G,"TG41C,GG245C,MG247A",0.409637588,reverse
934,5216,3IDX,934_3IDX,HL,G,"CG27I,CG242Q,MG247A",-2.174590757,forward
935,5217,3IDX,935_3IDX,HL,G,"CG27I,CG242Q",-2.466141414,forward
936,5220,3IDX,936_3IDX,HL,G,"TG41C,GG245C,MG247A",0.409637588,forward
937,-,3KUD,937_3KUD,A,B,"YA32C,CA118S,NB16R",-0.035917177,reverse
938,6595,3KUD,938_3KUD,A,B,"KB30A,FB6W",2.167797503,forward
939,6596,3KUD,939_3KUD,A,B,"KB30A,VB33I",2.758905251,forward
940,6597,3KUD,940_3KUD,A,B,"KB30A,NB16R",0.766586088,forward
941,6598,3KUD,941_3KUD,A,B,"KB30A,FB6W,NB16R",1.205237575,forward
942,6612,3KUD,942_3KUD,A,B,"KB30A,TA35A",3.04066041,forward
943,6613,3KUD,943_3KUD,A,B,"KB30A,TA35A,NB16R",1.516922473,forward
944,6615,3KUD,944_3KUD,A,B,"TA35A,NB16R",1.489361598,forward
945,6616,3KUD,945_3KUD,A,B,"KB30A,YA32C,CA118S",2.897034953,forward
946,6618,3KUD,946_3KUD,A,B,"YA32C,CA118S",0.910145182,forward
947,6619,3KUD,947_3KUD,A,B,"YA32C,CA118S,NB16R",-0.035917177,forward
948,-,3L5X,948_3L5X,A,HL,"NL92V,EL93G,YL94G",-0.46320737,reverse
949,-,3L5X,949_3L5X,A,HL,"HL91P,NL92L,YL94A",-0.444612486,reverse
950,-,3L5X,950_3L5X,A,HL,"NL92D,EL93L,YL94G",-0.42982096,reverse
951,-,3L5X,951_3L5X,A,HL,"EL93F,YL94G",-0.428200024,reverse
952,-,3L5X,952_3L5X,A,HL,"NL92S,EL93W,YL94A",-0.303163716,reverse
953,-,3L5X,953_3L5X,A,HL,"NL92S,EL93S,YL94G",-0.249324297,reverse
954,4752,3L5X,954_3L5X,A,HL,"NL92D,EL93W,YL94G",-1.683276196,forward
955,4754,3L5X,955_3L5X,A,HL,"NL92E,EL93W,YL94G",-1.551074356,forward
956,4755,3L5X,956_3L5X,A,HL,"NL92D,EL93P,YL94G",-1.470618464,forward
957,4757,3L5X,957_3L5X,A,HL,"NL92S,EL93W,YL94G",-1.272619774,forward
958,4758,3L5X,958_3L5X,A,HL,"NL92E,EL93S,YL94G",-1.26592533,forward
959,4759,3L5X,959_3L5X,A,HL,"NL92S,EL93H,YL94G",-1.246284239,forward
960,4760,3L5X,960_3L5X,A,HL,"NL92F,EL93W,YL94G",-1.233542845,forward
961,4761,3L5X,961_3L5X,A,HL,"NL92D,EL93W,YL94E",-1.196884639,forward
962,4762,3L5X,962_3L5X,A,HL,"NL92S,EL93Y,YL94G",-0.964618527,forward
963,4764,3L5X,963_3L5X,A,HL,"NL92V,EL93W,YL94G",-0.835627817,forward
964,4766,3L5X,964_3L5X,A,HL,"NL92L,EL93M,YL94G",-0.826046174,forward
965,4768,3L5X,965_3L5X,A,HL,"NL92D,EL93Y,YL94A",-0.807335609,forward
966,4769,3L5X,966_3L5X,A,HL,"NL92S,EL93I,YL94G",-0.807335609,forward
967,4770,3L5X,967_3L5X,A,HL,"EL93H,YL94G",-0.762991828,forward
968,4771,3L5X,968_3L5X,A,HL,"NL92D,EL93W,YL94S",-0.716447424,forward
969,4772,3L5X,969_3L5X,A,HL,"NL92L,EL93N,YL94G",-0.695748306,forward
970,4773,3L5X,970_3L5X,A,HL,"NL92L,EL93D,YL94S",-0.680685156,forward
971,4776,3L5X,971_3L5X,A,HL,"NL92L,EL93L,YL94G",-0.626250104,forward
972,4778,3L5X,972_3L5X,A,HL,"NL92D,EL93N,YL94S",-0.534277504,forward
973,4779,3L5X,973_3L5X,A,HL,"NL92D,EL93R,YL94D",-0.52277322,forward
974,4780,3L5X,974_3L5X,A,HL,"NL92S,EL93V,YL94G",-0.51710378,forward
975,4781,3L5X,975_3L5X,A,HL,"NL92V,EL93G,YL94G",-0.46320737,forward
976,4782,3L5X,976_3L5X,A,HL,"HL91P,NL92L,YL94A",-0.444612486,forward
977,4783,3L5X,977_3L5X,A,HL,"NL92D,EL93L,YL94G",-0.42982096,forward
978,4784,3L5X,978_3L5X,A,HL,"EL93F,YL94G",-0.428200024,forward
979,4785,3L5X,979_3L5X,A,HL,"NL92S,EL93W,YL94A",-0.303163716,forward
980,4786,3L5X,980_3L5X,A,HL,"NL92S,EL93S,YL94G",-0.249324297,forward
981,-,3LZF,981_3LZF,AB,HL,"DA187E,DA222G",0.127443164,reverse
982,4187,3LZF,982_3LZF,AB,HL,"DA187E,DA222G",0.127443164,forward
983,-,3MZG,983_3MZG,A,B,"HA167A,HB188A",-0.237263729,reverse
984,1824,3MZG,984_3MZG,A,B,"HA167A,HB188A",-0.237263729,forward
985,-,3MZW,985_3MZW,A,B,"NB1E,NB18T",0.384320887,reverse
986,-,3MZW,986_3MZW,A,B,"NB1A,NB18T",0.342483369,reverse
987,-,3MZW,987_3MZW,A,B,"NB18T,AB49S",0.094995321,reverse
988,-,3MZW,988_3MZW,A,B,"NB18T,SB28A",-0.21500408,reverse
989,-,3MZW,989_3MZW,A,B,"NB18T,SB28K",-0.21500408,reverse
990,-,3MZW,990_3MZW,A,B,"NB18T,DB32E",0.213883073,reverse
991,-,3MZW,991_3MZW,A,B,"NB18T,EB42A",-0.338020433,reverse
992,-,3MZW,992_3MZW,A,B,"NB18T,LB46T",-0.179086902,reverse
993,-,3MZW,993_3MZW,A,B,"NB18T,LB46Y",-0.026335535,reverse
994,-,3MZW,994_3MZW,A,B,"NB18T,NB38E,AB49S",0.137331326,reverse
995,5276,3MZW,995_3MZW,A,B,"NB1E,NB18T",0.384320887,forward
996,5277,3MZW,996_3MZW,A,B,"NB1A,NB18T",0.342483369,forward
997,5278,3MZW,997_3MZW,A,B,"NB18T,AB49S",0.094995321,forward
998,5283,3MZW,998_3MZW,A,B,"NB18T,SB28A",-0.21500408,forward
999,5284,3MZW,999_3MZW,A,B,"NB18T,SB28K",-0.21500408,forward
1000,5285,3MZW,1000_3MZW,A,B,"NB18T,DB31A",0.70812179,forward
1001,5286,3MZW,1001_3MZW,A,B,"NB18T,DB31K",1.21894782,forward
1002,5287,3MZW,1002_3MZW,A,B,"NB18T,DB32E",0.213883073,forward
1003,5288,3MZW,1003_3MZW,A,B,"NB18T,EB42A",-0.338020433,forward
1004,5289,3MZW,1004_3MZW,A,B,"NB18T,LB46T",-0.179086902,forward
1005,5290,3MZW,1005_3MZW,A,B,"NB18T,LB46Y",-0.026335535,forward
1006,5291,3MZW,1006_3MZW,A,B,"NB18T,NB38E,AB49S",0.137331326,forward
1007,-,3NGB,1007_3NGB,HL,G,"CH32S,CH102A",0.259113894,reverse
1008,5318,3NGB,1008_3NGB,HL,G,"CH32S,CH102A",0.259113894,forward
1009,-,3PWP,1009_3PWP,ABC,DE,"GC2L,IC9V",-0.385794649,reverse
1010,3800,3PWP,1010_3PWP,ABC,DE,"GC2L,IC9V",-0.385794649,forward
1011,3584,3QDG,1011_3QDG,ABC,DE,"DD26W,LE95W",-3.354782769,forward
1012,3585,3QDG,1012_3QDG,ABC,DE,"DD26Y,LE95W",-3.543451314,forward
1013,3602,3QDJ,1013_3QDJ,ABC,DE,"DD26W,LE95W",-2.530970124,forward
1014,3603,3QDJ,1014_3QDJ,ABC,DE,"DD26Y,LE95W",-1.91395871,forward
1015,7076,3QIB,1015_3QIB,ABP,CD,"KA67A,EB64A",1.507048045,forward
1016,7084,3QIB,1016_3QIB,ABP,CD,"YP6F,TP11S",1.216969681,forward
1017,-,3S9D,1017_3S9D,A,B,"AA43H,AA44E,AA47Q",-0.017426315,reverse
1018,-,3S9D,1018_3S9D,A,B,"AA43Y,AA44N,AA47S",-0.190819008,reverse
1019,5419,3S9D,1019_3S9D,A,B,"AA43H,AA44E,AA47Q",-0.017426315,forward
1020,5421,3S9D,1020_3S9D,A,B,"AA43Y,AA44N,AA47S",-0.190819008,forward
1021,5562,3S9D,1021_3S9D,A,B,"RA120A,EB66A",3.602473754,forward
1022,5568,3S9D,1022_3S9D,A,B,"TB33A,LA8A",3.578560886,forward
1023,5569,3S9D,1023_3S9D,A,B,"TB33A,LA19A",3.394808983,forward
1024,5570,3S9D,1024_3S9D,A,B,"TB33A,FA20A",3.021425982,forward
1025,5571,3S9D,1025_3S9D,A,B,"TB33A,LA23A",5.961369903,forward
1026,5572,3S9D,1026_3S9D,A,B,"TB33A,RA115A",4.048243205,forward
1027,5573,3S9D,1027_3S9D,A,B,"TB33A,AA116G",4.351393374,forward
1028,5574,3S9D,1028_3S9D,A,B,"TB33A,MA119A",4.463985083,forward
1029,5575,3S9D,1029_3S9D,A,B,"TB33A,RA120A",5.268608036,forward
1030,5576,3S9D,1030_3S9D,A,B,"TB33A,SA123A",3.0632635,forward
1031,5577,3S9D,1031_3S9D,A,B,"TB33A,LA124A",3.312391328,forward
1032,5578,3S9D,1032_3S9D,A,B,"IB34A,RA115A",4.271187937,forward
1033,5579,3S9D,1033_3S9D,A,B,"IB34A,AA116G",4.474026883,forward
1034,5580,3S9D,1034_3S9D,A,B,"IB34A,MA119A",4.235051616,forward
1035,5581,3S9D,1035_3S9D,A,B,"IB34A,RA120A",5.001757889,forward
1036,5582,3S9D,1036_3S9D,A,B,"IB34A,SA123A",3.006796795,forward
1037,5583,3S9D,1037_3S9D,A,B,"IB34A,LA124A",3.561387162,forward
1038,5584,3S9D,1038_3S9D,A,B,"WB87A,RA5A",2.340922179,forward
1039,5585,3S9D,1039_3S9D,A,B,"WB87A,LA8A",3.076577588,forward
1040,5586,3S9D,1040_3S9D,A,B,"WB87A,MA119A",3.846340369,forward
1041,5587,3S9D,1041_3S9D,A,B,"WB87A,SA123A",2.751578601,forward
1042,5588,3S9D,1042_3S9D,A,B,"WB87A,LA124A",2.944375748,forward
1043,5590,3S9D,1043_3S9D,A,B,"IB90A,LA8A",3.740474065,forward
1044,5591,3S9D,1044_3S9D,A,B,"IB90A,LA19A",3.035702624,forward
1045,5592,3S9D,1045_3S9D,A,B,"IB90A,FA20A",2.816273939,forward
1046,5593,3S9D,1046_3S9D,A,B,"IB90A,LA23A",5.449532,forward
1047,5594,3S9D,1047_3S9D,A,B,"IB90A,RA115A",3.525469985,forward
1048,5595,3S9D,1048_3S9D,A,B,"IB90A,MA119A",4.035335244,forward
1049,5596,3S9D,1049_3S9D,A,B,"IB90A,RA120A",4.908469955,forward
1050,5597,3S9D,1050_3S9D,A,B,"IB90A,SA123A",3.25680822,forward
1051,5598,3S9D,1051_3S9D,A,B,"IB90A,LA124A",3.346745994,forward
1052,5599,3S9D,1052_3S9D,A,B,"DB91A,LA19A",2.944375748,forward
1053,5600,3S9D,1053_3S9D,A,B,"DB91A,FA20A",2.384827594,forward
1054,5601,3S9D,1054_3S9D,A,B,"DB91A,RA115A",3.672301012,forward
1055,5602,3S9D,1055_3S9D,A,B,"DB91A,SA123A",2.678942613,forward
1056,5603,3S9D,1056_3S9D,A,B,"DB91A,LA124A",3.021425982,forward
1057,5621,3S9D,1057_3S9D,A,B,"MB35V,LA8A",4.427434606,forward
1058,5622,3S9D,1058_3S9D,A,B,"MB35V,LA19A",4.316718735,forward
1059,5623,3S9D,1059_3S9D,A,B,"MB35V,LA23A",7.1139393,forward
1060,5624,3S9D,1060_3S9D,A,B,"MB35V,RA115A",3.705093285,forward
1061,5625,3S9D,1061_3S9D,A,B,"MB35V,AA116G",5.300297513,forward
1062,5626,3S9D,1062_3S9D,A,B,"MB35V,MA119A",5.456684424,forward
1063,5627,3S9D,1063_3S9D,A,B,"MB35V,RA120A",6.066684491,forward
1064,5628,3S9D,1064_3S9D,A,B,"MB35V,SA123A",4.080544184,forward
1065,5629,3S9D,1065_3S9D,A,B,"MB35V,LA124A",4.533202977,forward
1066,5630,3S9D,1066_3S9D,A,B,"EB66A,LA8A",4.092513318,forward
1067,5631,3S9D,1067_3S9D,A,B,"EB66A,LA23A",6.058159855,forward
1068,5632,3S9D,1068_3S9D,A,B,"EB66A,RA115A",4.658607969,forward
1069,5633,3S9D,1069_3S9D,A,B,"EB66A,AA116G",5.041269326,forward
1070,5634,3S9D,1070_3S9D,A,B,"EB66A,MA119A",4.980967967,forward
1071,5635,3S9D,1071_3S9D,A,B,"EB66A,RA120A",3.632457297,forward
1072,5636,3S9D,1072_3S9D,A,B,"EB66A,SA123A",3.543700715,forward
1073,5637,3S9D,1073_3S9D,A,B,"EB66A,LA124A",3.769788623,forward
1074,5638,3S9D,1074_3S9D,A,B,"HB65A,RA5A",2.21438978,forward
1075,5639,3S9D,1075_3S9D,A,B,"HB65A,LA8A",4.016778184,forward
1076,5640,3S9D,1076_3S9D,A,B,"HB65A,LA19A",3.056492546,forward
1077,5641,3S9D,1077_3S9D,A,B,"HB65A,RA120A",3.846340369,forward
1078,5642,3S9D,1078_3S9D,A,B,"HB65A,SA123A",1.135684604,forward
1079,5643,3S9D,1079_3S9D,A,B,"HB65A,LA124A",2.939417962,forward
1080,-,3SE3,1080_3SE3,B,C,"YB43H,NB44E,SB47Q",0.190819008,reverse
1081,-,3SE3,1081_3SE3,B,C,"YB43A,NB44A,SB47A",0.173392693,reverse
1082,5381,3SE3,1082_3SE3,B,A,"YB43A,NB44E,SB47Q",1.857629768,forward
1083,5382,3SE3,1083_3SE3,B,A,"YB43H,NB44A,SB47Q",1.383597502,forward
1084,5383,3SE3,1084_3SE3,B,A,"YB43H,NB44E,SB47A",1.764870118,forward
1085,5418,3SE3,1085_3SE3,B,C,"YB43H,NB44E,SB47Q",0.190819008,forward
1086,5420,3SE3,1086_3SE3,B,C,"YB43A,NB44A,SB47A",0.173392693,forward
1087,5422,3SE3,1087_3SE3,B,A,"YB43H,NB44E,SB47Q",2.457734791,forward
1088,5423,3SE3,1088_3SE3,B,A,"YB43M,NB44D,SB47L",0.713296076,forward
1089,5424,3SE3,1089_3SE3,B,A,"YB43A,NB44A,SB47A",0.769762781,forward
1090,5565,3SE4,1090_3SE4,B,C,"KB134A,EC69A",1.902270692,forward
1091,5567,3SE4,1091_3SE4,B,C,"KB134R,EC69A",1.401480651,forward
1092,-,3SGB,1092_3SGB,E,I,"EI4D,RI15M,EI37D",0.077453729,reverse
1093,-,3SGB,1093_3SGB,E,I,"LI12M,TI43N,KI49T",0.277626557,reverse
1094,-,3SGB,1094_3SGB,E,I,"RI15V,LI17I",0.168780605,reverse
1095,-,3SGB,1095_3SGB,E,I,"AI9T,LI12M",0.476378045,reverse
1096,-,3SGB,1096_3SGB,E,I,"LI12M,HI46R,KI49E",-0.116685325,reverse
1097,-,3SGB,1097_3SGB,E,I,"LI12M,SI45N",0.453733812,reverse
1098,3044,3SGB,1098_3SGB,E,I,"TI11K,LI12R",5.307282618,forward
1099,3045,3SGB,1099_3SGB,E,I,"TI11R,LI12R",5.552076167,forward
1100,3046,3SGB,1100_3SGB,E,I,"AI9R,LI12R",5.15641933,forward
1101,3047,3SGB,1101_3SGB,E,I,"AI9R,TI11K,LI12R",6.78023544,forward
1102,3048,3SGB,1102_3SGB,E,I,"AI9R,TI11P,LI12R",8.583058033,forward
1103,3355,3SGB,1103_3SGB,E,I,"EI4D,RI15M,EI37D",0.077453729,forward
1104,3373,3SGB,1104_3SGB,E,I,"LI12M,TI43N,KI49T",0.277626557,forward
1105,3374,3SGB,1105_3SGB,E,I,"NI22S,GI26A",1.330112765,forward
1106,3375,3SGB,1106_3SGB,E,I,"AI9D,GI26A",1.081064605,forward
1107,3376,3SGB,1107_3SGB,E,I,"AI9D,GI26A,NI27S",2.183826741,forward
1108,3378,3SGB,1108_3SGB,E,I,"TI11M,LI12S,GI26V",6.909813543,forward
1109,3379,3SGB,1109_3SGB,E,I,"RI15V,LI17I",0.168780605,forward
1110,3380,3SGB,1110_3SGB,E,I,"LI12S,RI15V,LI17I",4.481255789,forward
1111,3384,3SGB,1111_3SGB,E,I,"LI12M,NI30D,SI45N",1.096864261,forward
1112,3387,3SGB,1112_3SGB,E,I,"AI9T,LI12M",0.476378045,forward
1113,3388,3SGB,1113_3SGB,E,I,"LI12M,TI24S,GI26D",2.32688146,forward
1114,3389,3SGB,1114_3SGB,E,I,"LI12I,GI26D",5.845426895,forward
1115,3390,3SGB,1115_3SGB,E,I,"AI9D,LI12A,YI14D",5.768519748,forward
1116,3392,3SGB,1116_3SGB,E,I,"LI12M,HI46R",0.501036889,forward
1117,3393,3SGB,1117_3SGB,E,I,"LI12M,HI46R,KI49E",-0.116685325,forward
1118,3394,3SGB,1118_3SGB,E,I,"LI12M,SI45N",0.453733812,forward
1119,3397,3SGB,1119_3SGB,E,I,"LI12M,YI14Q",3.776484349,forward
1120,3398,3SGB,1120_3SGB,E,I,"LI12M,GI26D",2.275153617,forward
1121,3414,3SGB,1121_3SGB,E,I,"AI9D,LI12A",2.619663117,forward
1122,3415,3SGB,1122_3SGB,E,I,"TI11P,LI12K,GI26D",6.543062536,forward
1123,3416,3SGB,1123_3SGB,E,I,"TI11P,LI12K",6.32030474,forward
1124,3425,3SGB,1124_3SGB,E,I,"AI9V,TI11S",1.60769029,forward
1125,4817,3SGB,1125_3SGB,E,I,"KI7T,PI8E,AI9Y",-3.857899785,forward
1126,4819,3SGB,1126_3SGB,E,I,"KI7S,PI8D,AI9Y",-4.137707514,forward
1127,4596,3UIH,1127_3UIH,A,P,"KA58Y,HA76W",-1.072402436,forward
1128,-,3UII,1128_3UII,A,P,"KA58Y,HA76W",0.03452153,reverse
1129,4595,3UII,1129_3UII,A,P,"KA58Y,HA76W",0.03452153,forward
1130,-,3VR6,1130_3VR6,ABCDEF,GH,"RA476A,RB481A,RC471A",-0.278454583,reverse
1131,-,3VR6,1131_3VR6,ABCDEF,GH,"RD347E,RE347E,RF350E",0.287640069,reverse
1132,5743,3VR6,1132_3VR6,ABCDEF,GH,"RG134A,RG135A",1.400088284,forward
1133,5746,3VR6,1133_3VR6,ABCDEF,GH,"RA476A,RB481A,RC471A",-0.278454583,forward
1134,5747,3VR6,1134_3VR6,ABCDEF,GH,"VD385A,VE385A,VF388A",0.698296491,forward
1135,5748,3VR6,1135_3VR6,ABCDEF,GH,"LD386A,LE386A,LF389A",1.136772671,forward
1136,5755,3VR6,1136_3VR6,ABCDEF,GH,"RD347E,RE347E,RF350E",0.287640069,forward
1137,5756,3VR6,1137_3VR6,ABCDEF,GH,"RD347K,RE347K,RF350K",1.213159687,forward
1138,-,4B0M,1138_4B0M,A,BM,"TA7G,MA8A",0.441656957,reverse
1139,4634,4B0M,1139_4B0M,A,BM,"PM98S,PM99A",2.07255054,forward
1140,4637,4B0M,1140_4B0M,A,BM,"YM9G,YM37A",2.20475238,forward
1141,4641,4B0M,1141_4B0M,A,BM,"TA7G,MA8A",0.441656957,forward
1142,4628,4CVW,1142_4CVW,A,C,"LC34G,VC35D",7.745464385,forward
1143,5861,4E6K,1143_4E6K,AB,G,"EA81A,EB81A",2.584812074,forward
1144,5862,4E6K,1144_4E6K,AB,G,"LA68A,LB68A",2.669897368,forward
1145,5863,4E6K,1145_4E6K,AB,G,"EA85A,EB85A",3.072574519,forward
1146,-,4FTV,1146_4FTV,ABC,DE,"EA63Q,DD93A",-0.004539884,reverse
1147,3677,4FTV,1147_4FTV,ABC,DE,"KD66A,TA163A",-2.130459086,forward
1148,3689,4FTV,1148_4FTV,ABC,DE,"DD93A,RA65A",1.401885327,forward
1149,3696,4FTV,1149_4FTV,ABC,DE,"EA63Q,DD93A",-0.004539884,forward
1150,3697,4FTV,1150_4FTV,ABC,DE,"EA63Q,KA66A",1.331636157,forward
1151,3698,4FTV,1151_4FTV,ABC,DE,"EA63Q,DD93A,KA66A",1.855068023,forward
1152,3770,4FTV,1152_4FTV,ABC,DE,"SE99G,AE100G,QE101R",3.651468082,forward
1153,3771,4FTV,1153_4FTV,ABC,DE,"ME98A,AE100G,QE101R",3.61943585,forward
1154,3772,4FTV,1154_4FTV,ABC,DE,"ME98A,QE101E",0.506200056,forward
1155,-,4G0N,1155_4G0N,A,B,"FB8W,NB18R",-0.287640069,reverse
1156,-,4G0N,1156_4G0N,A,B,"FB8W,NB18R,VB35I",0.363234961,reverse
1157,-,4G0N,1157_4G0N,A,B,"YA32C,CA116S,NB18R",-0.366751007,reverse
1158,-,4G0N,1158_4G0N,A,B,"VB35A,IA21A",0.290700671,reverse
1159,-,4G0N,1159_4G0N,A,B,"VB35A,HA27A",0.192550856,reverse
1160,-,4G0N,1160_4G0N,A,B,"NB11A,VA45A",0,reverse
1161,6587,4G0N,1161_4G0N,A,B,"FB8W,NB18R",-0.287640069,forward
1162,6588,4G0N,1162_4G0N,A,B,"FB8W,NB18R,VB35I",0.363234961,forward
1163,6593,4G0N,1163_4G0N,A,B,"NB18R,AB32K",-1.279390727,forward
1164,6605,4G0N,1164_4G0N,A,B,"TA35A,NB18R",2.099826515,forward
1165,6606,4G0N,1165_4G0N,A,B,"TA35A,AB32K",2.578799076,forward
1166,6607,4G0N,1166_4G0N,A,B,"TA35A,NB18R,AB32K",1.967624675,forward
1167,6608,4G0N,1167_4G0N,A,B,"YA32C,CA116S",0.735655408,forward
1168,6609,4G0N,1168_4G0N,A,B,"YA32C,CA116S,NB18R",-0.366751007,forward
1169,6610,4G0N,1169_4G0N,A,B,"YA32C,CA116S,AB32K",-0.641829786,forward
1170,6649,4G0N,1170_4G0N,A,B,"RB6A,NB11D",3.421206885,forward
1171,6652,4G0N,1171_4G0N,A,B,"KB31A,RB36G",5.358625067,forward
1172,6535,4G0N,1172_4G0N,A,B,"TB15A,IA21A",2.129755503,forward
1173,6536,4G0N,1173_4G0N,A,B,"VB16A,IA21A",1.551360369,forward
1174,6537,4G0N,1174_4G0N,A,B,"VB35A,IA21A",0.290700671,forward
1175,6538,4G0N,1175_4G0N,A,B,"VB35A,HA27A",0.192550856,forward
1176,6539,4G0N,1176_4G0N,A,B,"RB6A,EA31A",2.129755503,forward
1177,6540,4G0N,1177_4G0N,A,B,"TB15A,EA31A",1.551360369,forward
1178,6541,4G0N,1178_4G0N,A,B,"KB31A,EA31A",2.03299325,forward
1179,6542,4G0N,1179_4G0N,A,B,"RB6A,DA33A",2.516607159,forward
1180,6543,4G0N,1180_4G0N,A,B,"KB31A,DA33A",2.613788796,forward
1181,6544,4G0N,1181_4G0N,A,B,"RB6A,IA36A",4.257757406,forward
1182,6545,4G0N,1182_4G0N,A,B,"TB15A,IA36A",3.000670807,forward
1183,6546,4G0N,1183_4G0N,A,B,"VB16A,IA36A",2.613788796,forward
1184,6547,4G0N,1184_4G0N,A,B,"RB6A,EA37A",2.323566255,forward
1185,6548,4G0N,1185_4G0N,A,B,"TB15A,EA37A",2.807083676,forward
1186,6549,4G0N,1186_4G0N,A,B,"VB16A,EA37A",2.710342286,forward
1187,6550,4G0N,1187_4G0N,A,B,"KB31A,EA37A",3.387530778,forward
1188,6551,4G0N,1188_4G0N,A,B,"RB6A,DA38A",4.45148535,forward
1189,6552,4G0N,1189_4G0N,A,B,"TB15A,DA38A",3.000670807,forward
1190,6553,4G0N,1190_4G0N,A,B,"QB13A,SA39A",2.03299325,forward
1191,6554,4G0N,1191_4G0N,A,B,"RB14A,SA39A",2.226851188,forward
1192,6555,4G0N,1192_4G0N,A,B,"TB15A,SA39A",1.93727042,forward
1193,6556,4G0N,1193_4G0N,A,B,"NB11A,RA41A",-0.580601962,forward
1194,6557,4G0N,1194_4G0N,A,B,"QB13A,RA41A",1.258513533,forward
1195,6558,4G0N,1195_4G0N,A,B,"NB11A,VA45A",0,forward
1196,6559,4G0N,1196_4G0N,A,B,"QB13A,VA45A",1.551360369,forward
1197,6560,4G0N,1197_4G0N,A,B,"RB14A,VA45A",1.742959433,forward
1198,6561,4G0N,1198_4G0N,A,B,"TB15A,VA45A",1.064968813,forward
1199,3520,4G2V,1199_4G2V,A,B,"RA198E,NA260R",2.284455474,forward
1200,-,4GNK,1200_4GNK,A,B,"DA279A,PA281D",0.121330856,reverse
1201,5897,4GNK,1201_4GNK,A,B,"DA279A,PA281D",0.121330856,forward
1202,5899,4GNK,1202_4GNK,A,B,"KA294A,LB764A",-1.552839651,forward
1203,5900,4GNK,1203_4GNK,A,B,"LB764A,DA279A,PA281D",-1.723277465,forward
1204,5902,4GU0,1204_4GU0,A,E,"LE20A,TE22A,RE26A",0.916396995,forward
1205,4184,4GXU,1205_4GXU,ABCDEF,MN,"DA189E,DA224G",3.011555471,forward
1206,-,4J2L,1206_4J2L,A,CD,"VA23A,LA118E",0.436846409,reverse
1207,5909,4J2L,1207_4J2L,A,CD,"VA23A,SA34D",2.266683196,forward
1208,5910,4J2L,1208_4J2L,A,CD,"VA23A,LA118E",0.436846409,forward
1209,5911,4J2L,1209_4J2L,A,CD,"SA34D,LA118E",0.697007711,forward
1210,5918,4JEU,1210_4JEU,A,B,"LB147A,EB148A",1.193733292,forward
1211,-,4JFD,1211_4JFD,ABC,DE,"AC4G,GC6A",0.077050234,reverse
1212,-,4JFD,1212_4JFD,ABC,DE,"AC4G,IC7A",-0.088590372,reverse
1213,-,4JFD,1213_4JFD,ABC,DE,"AC4G,LC8A",-0.319329546,reverse
1214,-,4JFD,1214_4JFD,ABC,DE,"AC4G,TC9A",0.016232577,reverse
1215,3785,4JFD,1215_4JFD,ABC,DE,"AC4G,EC1A",0.804622952,forward
1216,3787,4JFD,1216_4JFD,ABC,DE,"AC4G,GC6A",0.077050234,forward
1217,3788,4JFD,1217_4JFD,ABC,DE,"AC4G,IC7A",-0.088590372,forward
1218,3789,4JFD,1218_4JFD,ABC,DE,"AC4G,LC8A",-0.319329546,forward
1219,3790,4JFD,1219_4JFD,ABC,DE,"AC4G,TC9A",0.016232577,forward
1220,-,4JFE,1220_4JFE,ABC,DE,"AC7T,GC4A",0.088590372,reverse
1221,-,4JFE,1221_4JFE,ABC,DE,"AC7I,GC6A",0.165640606,reverse
1222,-,4JFE,1222_4JFE,ABC,DE,"AC7I,LC8A",-0.230739174,reverse
1223,-,4JFE,1223_4JFE,ABC,DE,"AC7I,TC9A",0.104822949,reverse
1224,3792,4JFE,1224_4JFE,ABC,DE,"AC7I,EC1A",0.893213325,forward
1225,3793,4JFE,1225_4JFE,ABC,DE,"AC7I,GC4A",0.088590372,forward
1226,3795,4JFE,1226_4JFE,ABC,DE,"AC7I,GC6A",0.165640606,forward
1227,3796,4JFE,1227_4JFE,ABC,DE,"AC7I,LC8A",-0.230739174,forward
1228,3797,4JFE,1228_4JFE,ABC,DE,"AC7I,TC9A",0.104822949,forward
1229,4830,4JPK,1229_4JPK,HL,A,"DA159N,DA33N",0.619245278,forward
1230,4562,4K71,1230_4K71,A,BC,"MA416V,AA418T",1.196360577,forward
1231,4563,4K71,1231_4K71,A,BC,"GA503R,AA545V",1.667994481,forward
1232,4565,4K71,1232_4K71,A,BC,"MA416V,AA418T,GA503R",2.777583804,forward
1233,4566,4K71,1233_4K71,A,BC,"GA503E,AA545V",2.849380427,forward
1234,4567,4K71,1234_4K71,A,BC,"MA416V,AA418T,AA545V",2.854190618,forward
1235,4569,4K71,1235_4K71,A,BC,"MA416V,GA503E,AA545V",2.927685856,forward
1236,4570,4K71,1236_4K71,A,BC,"AA418T,GA503E,AA545V",3.129041224,forward
1237,5927,4KRL,1237_4KRL,A,B,"DA49T,FA51A",1.853261765,forward
1238,-,4KRO,1238_4KRO,A,B,"DA321T,FA323A",0.127027554,reverse
1239,5930,4KRO,1239_4KRO,A,B,"DA321T,FA323A",0.127027554,forward
1240,-,4KRP,1240_4KRP,A,B,"DA277T,FA279A",0.358457097,reverse
1241,5932,4KRP,1241_4KRP,A,B,"DA277T,FA279A",0.358457097,forward
1242,3604,4L3E,1242_4L3E,ABC,DE,"YD26D,WE95L",3.543451314,forward
1243,3607,4L3E,1243_4L3E,ABC,DE,"RA65A,YE48A",3.80930006,forward
1244,3608,4L3E,1244_4L3E,ABC,DE,"RA65A,YD26A",4.440748694,forward
1245,3610,4L3E,1245_4L3E,ABC,DE,"YD26A,RA65A",4.370967901,forward
1246,3613,4L3E,1246_4L3E,ABC,DE,"YD50A,QA155A",1.090513732,forward
1247,3616,4L3E,1247_4L3E,ABC,DE,"ND52A,EA166A",1.091682286,forward
1248,-,4NKQ,1248_4NKQ,C,AB,"RB80A,NB81A,YB82A",-0.331545484,reverse
1249,-,4NKQ,1249_4NKQ,C,AB,"DB87A,TB88A,KB89A",0.353584866,reverse
1250,-,4NKQ,1250_4NKQ,C,AB,"DC99K,RB80D",0.176452607,reverse
1251,-,4NKQ,1251_4NKQ,C,AB,"IB179A,LB180A",0.240218608,reverse
1252,6297,4NKQ,1252_4NKQ,C,AB,"LB77A,TB78A,SB79A",0.110028491,forward
1253,-,4NKQ,1253_4NKQ,C,AB,"LB77A,TB78A,SB79A",0.110028491,reverse
1254,6298,4NKQ,1254_4NKQ,C,AB,"RB80A,NB81A,YB82A",-0.331545484,forward
1255,6304,4NKQ,1255_4NKQ,C,AB,"DB87A,TB88A,KB89A",0.353584866,forward
1256,6310,4NKQ,1256_4NKQ,C,AB,"KB90A,IB91A,EB92A",-0.701326942,forward
1257,6316,4NKQ,1257_4NKQ,C,AB,"YB119A,YB124A",-0.62717379,forward
1258,6328,4NKQ,1258_4NKQ,C,AB,"RB80D,KB90D",1.313719194,forward
1259,6330,4NKQ,1259_4NKQ,C,AB,"DC99K,RB80D",0.176452607,forward
1260,6331,4NKQ,1260_4NKQ,C,AB,"DC99K,DB87R",0.81523636,forward
1261,6332,4NKQ,1261_4NKQ,C,AB,"DC99K,KB90D",-0.501983298,forward
1262,6333,4NKQ,1262_4NKQ,C,AB,"DC99K,RB80D,KB90D",0.535558966,forward
1263,6348,4NKQ,1263_4NKQ,C,AB,"DB176A,VB177A",1.907029368,forward
1264,6349,4NKQ,1264_4NKQ,C,AB,"DB176Q,VB177Q",1.958085515,forward
1265,6352,4NKQ,1265_4NKQ,C,AB,"IB179A,LB180A",0.240218608,forward
1266,6353,4NKQ,1266_4NKQ,C,AB,"IB179Q,LB180Q",1.061531452,forward
1267,5967,4OFY,1267_4OFY,A,D,"QA34A,FA40A",4.140706704,forward
1268,6132,4RA0,1268_4RA0,A,C,"GC61D,AC66V,RC101G",1.582030382,forward
1269,6133,4RA0,1269_4RA0,A,C,"SC6G,AC66V,RC101G",0.979277525,forward
1270,6135,4RA0,1270_4RA0,A,C,"SC6G,GC61D,AC66V",1.464828127,forward
1271,6136,4RA0,1271_4RA0,A,C,"AC66V,RC101G",0.953514684,forward
1272,6138,4RA0,1272_4RA0,A,C,"GC61D,AC66V",1.517919029,forward
1273,6139,4RA0,1273_4RA0,A,C,"SC6G,AC66V",0.921969866,forward
1274,-,4RS1,1274_4RS1,A,B,"LB146A,TB147A,SB148A",-0.215934389,reverse
1275,6250,4RS1,1275_4RS1,A,B,"RB47A,EB48A,HB52A",-0.546588297,forward
1276,6252,4RS1,1276_4RS1,A,B,"LB146A,TB147A,SB148A",-0.215934389,forward
1277,6271,4RS1,1277_4RS1,A,B,"YB201A,YB206A",0.72093119,forward
1278,6293,4RS1,1278_4RS1,A,B,"LA95A,FA99A",4.122902132,forward
1279,6294,4RS1,1279_4RS1,A,B,"EA25K,DA28K",4.122902132,forward
1280,6295,4RS1,1280_4RS1,A,B,"EA25K,DA92K",4.122902132,forward
1281,6296,4RS1,1281_4RS1,A,B,"DA28K,DA92K",4.122902132,forward
1282,-,4UYP,1282_4UYP,A,D,"SD15I,ID16N",-0.255218193,reverse
1283,4787,4UYP,1283_4UYP,A,D,"SD15I,ID16N",-0.255218193,forward
1284,4791,4UYP,1284_4UYP,A,D,"ID51S,ID16N",1.974171172,forward
1285,4792,4UYP,1285_4UYP,A,D,"ND52I,SD15I",3.837295125,forward
1286,-,4UYQ,1286_4UYQ,A,B,"SB51I,IB52N",-0.043905415,reverse
1287,4796,4UYQ,1287_4UYQ,A,B,"SB51I,IB52N",-0.043905415,forward
1288,4800,4UYQ,1288_4UYQ,A,B,"IB15S,IB52N",2.18548395,forward
1289,4801,4UYQ,1289_4UYQ,A,B,"NB16I,SB51I",4.048607903,forward
1290,3523,4WND,1290_4WND,A,B,"RA201E,NA263R",3.857380167,forward
1291,6172,4X4M,1291_4X4M,AB,E,"KE153A,HE154A,RE155A",1.788141616,forward
1292,-,4Y61,1292_4Y61,A,B,"FB219A,HB222A",0.289174257,reverse
1293,6182,4Y61,1293_4Y61,A,B,"FB219A,HB222A",0.289174257,forward
1294,-,4YFD,1294_4YFD,A,B,"EA207Q,RA209E,EA210Q",0.172611953,reverse
1295,6194,4YFD,1295_4YFD,A,B,"EA207Q,RA209E,EA210Q",0.172611953,forward
1296,-,4YH7,1296_4YH7,A,B,"EA207Q,RA209E,EA210Q",0.038235975,reverse
1297,6203,4YH7,1297_4YH7,A,B,"EA207Q,RA209E,EA210Q",0.038235975,forward
1298,6221,5C6T,1298_5C6T,HL,A,"NA195A,DA197A",0.586763677,forward
1299,6222,5C6T,1299_5C6T,HL,A,"YA182A,NA195A,DA197A",2.943742448,forward
1300,6242,5CYK,1300_5CYK,A,B,"EB52R,EB47D",-2.31531123,forward
1301,6243,5CYK,1301_5CYK,A,B,"EB52R,TB50Q",-2.617950884,forward
1302,6245,5CYK,1302_5CYK,A,B,"EB52R,VB54W",-2.115967586,forward
1303,3755,5E9D,1303_5E9D,AB,CDE,"GD27E,TD90Q",-1.550681353,forward
1304,3756,5E9D,1304_5E9D,AB,CDE,"GD27E,VE49D",-1.202445978,forward
1305,3757,5E9D,1305_5E9D,AB,CDE,"GD27E,AE98Y",-1.310462746,forward
1306,3758,5E9D,1306_5E9D,AB,CDE,"TD90Q,AE98Y",-1.272226771,forward
1307,3759,5E9D,1307_5E9D,AB,CDE,"GD27E,TD90Q,AE98Y",-2.475290208,forward
1308,6846,5M2O,1308_5M2O,A,B,"VB21A,QB25A",3.317598748,forward
1309,6855,5M2O,1309_5M2O,A,B,"EA80A,HA117A",2.529977019,forward
1310,6856,5M2O,1310_5M2O,A,B,"NA71A,HA117A",2.286818197,forward
1311,6857,5M2O,1311_5M2O,A,B,"NA71A,NA120A",2.459462539,forward
1312,6858,5M2O,1312_5M2O,A,B,"NA71A,EA80A",1.028941971,forward
1313,6860,5M2O,1313_5M2O,A,B,"EA80A,NA120A",1.210966967,forward
1314,6861,5M2O,1314_5M2O,A,B,"HA117A,NA120A",2.338982009,forward
1315,6921,5TAR,1315_5TAR,A,B,"TA183A,KA184E",2.730912507,forward
1316,-,5UFE,1316_5UFE,A,B,"QB25R,EB33G,DB34G",0.097520102,reverse
1317,6914,5UFE,1317_5UFE,A,B,"QB25R,EB33G,DB34G",0.097520102,forward
1318,6915,5UFE,1318_5UFE,A,B,"GA12D,QB25R",-0.975104392,forward
1319,-,5UFQ,1319_5UFQ,A,C,"QC25R,KC55G",0.246358061,reverse
1320,6918,5UFQ,1320_5UFQ,A,C,"DA12G,QC25R,KC55G",1.513885117,forward
1321,6920,5UFQ,1321_5UFQ,A,C,"QC25R,KC55G",0.246358061,forward
1322,6887,5XCO,1322_5XCO,A,B,"DA13C,PB6A",2.40996287,forward
1323,6888,5XCO,1323_5XCO,A,B,"DA13C,LB7A",2.797382903,forward
1324,6889,5XCO,1324_5XCO,A,B,"DA13C,YB8A",2.618992593,forward
1325,6890,5XCO,1325_5XCO,A,B,"DA13C,IB9A",2.797382903,forward
1326,6891,5XCO,1326_5XCO,A,B,"DA13C,SB10A",2.464354435,forward
1327,6892,5XCO,1327_5XCO,A,B,"DA13C,YB11A",2.797382903,forward
1328,6893,5XCO,1328_5XCO,A,B,"DA13C,DB12A",2.797382903,forward
1329,6894,5XCO,1329_5XCO,A,B,"DA13C,PB13A",1.747583557,forward
1330,6895,5XCO,1330_5XCO,A,B,"DA13C,VB14A",0.859964721,forward
1331,6896,5XCO,1331_5XCO,A,B,"DA13G,PB6A",2.453868285,forward
1332,6897,5XCO,1332_5XCO,A,B,"DA13G,LB7A",2.797382903,forward
1333,6898,5XCO,1333_5XCO,A,B,"DA13G,YB8A",2.741508354,forward
1334,6899,5XCO,1334_5XCO,A,B,"DA13G,IB9A",2.797382903,forward
1335,6900,5XCO,1335_5XCO,A,B,"DA13G,SB10A",2.791428561,forward
1336,6901,5XCO,1336_5XCO,A,B,"DA13G,YB11A",2.797382903,forward
1337,6902,5XCO,1337_5XCO,A,B,"DA13G,DB12A",2.797382903,forward
1338,6903,5XCO,1338_5XCO,A,B,"DA13G,PB13A",2.122322801,forward
1339,6904,5XCO,1339_5XCO,A,B,"DA13G,VB14A",1.322820468,forward
